,embedding,name
0,"[1.5775437e-05 1.1059596e-05 4.6287929e-07 ... 1.7629244e-08 3.1955995e-08
 4.6477613e-09]",embedding_stl10_subset40
1,"[2.19047826e-04 3.07433045e-04 1.72120912e-04 ... 1.30954225e-08
 4.10270957e-07 7.49628612e-07]",embedding_pcam-small_subset31
2,"[2.7274823e-06 2.0658181e-06 8.9254280e-07 ... 1.0194014e-08 8.3129335e-09
 4.9629798e-09]",embedding_textures_subset87
3,"[2.4768960e-05 2.6957850e-05 2.3272175e-06 ... 3.4063998e-08 5.5913251e-08
 4.3280398e-08]",embedding_sti10_subset11
4,"[2.4083555e-04 3.3777632e-04 1.8492654e-04 ... 5.1903487e-07 3.7309289e-07
 1.5719716e-06]",embedding_pcam-middle_subset27
5,"[8.7330007e-04 9.9723511e-05 1.4403784e-05 ... 1.2317120e-07 1.2585659e-06
 1.2401435e-06]",embedding_isic_subset60
6,"[9.9477801e-04 1.9223576e-03 1.1094839e-04 ... 2.2064322e-08 9.1606353e-07
 1.8373694e-06]",embedding_chest_subset11
7,"[5.76040882e-04 1.17347976e-04 7.89141086e-06 ... 3.34778946e-07
 1.60756798e-07 2.00634489e-07]",embedding_isic_subset87
8,"[1.9579054e-06 2.6646040e-07 4.1391448e-07 ... 2.6159037e-09 6.0903096e-09
 3.9091280e-10]",embedding_kimia_subset57
9,"[4.8812803e-06 1.0274311e-05 9.8066323e-07 ... 2.1365603e-08 1.8249148e-08
 5.9136349e-09]",embedding_textures_subset60
10,"[1.5216711e-04 1.9381828e-04 1.2715052e-04 ... 1.3101684e-06 1.2093841e-06
 1.0728832e-06]",embedding_pcam-small_subset50
11,"[2.8467395e-05 1.1137071e-05 8.7958824e-07 ... 7.0621589e-09 1.7961286e-08
 4.0369038e-08]",embedding_stl10_subset21
12,"[2.8606159e-05 1.8078634e-05 2.4878370e-06 ... 2.1736719e-08 2.3135383e-08
 4.3460137e-08]",embedding_sti10_subset70
13,"[2.8802815e-04 4.0509552e-04 2.2077920e-04 ... 3.4801627e-07 4.4451923e-08
 2.8434219e-08]",embedding_pcam-middle_subset46
14,"[3.4483054e-04 1.3958700e-03 1.0311743e-04 ... 8.4633052e-07 7.5505761e-07
 2.5333936e-06]",embedding_chest_subset97
15,"[6.7490805e-04 1.7317091e-03 6.4108055e-05 ... 1.5867860e-06 3.4869689e-07
 3.2599790e-08]",embedding_chest_subset70
16,"[1.4267688e-06 6.5976423e-07 3.7734804e-07 ... 1.2547828e-09 7.9308515e-09
 2.4971534e-09]",embedding_kimia_subset36
17,"[1.8463485e-05 1.8046574e-05 2.0554437e-06 ... 3.5539841e-08 4.5653429e-08
 2.9505941e-08]",embedding_sti10_subset97
18,"[1.6509227e-06 8.5664860e-06 1.5039843e-06 ... 1.2195216e-08 1.0145530e-08
 7.6049655e-09]",embedding_textures_subset45
19,"[2.0828926e-05 5.7878101e-06 7.1657490e-07 ... 1.0635753e-08 6.6258417e-09
 1.6138456e-08]",embedding_stl10_subset82
20,"[3.8347689e-06 4.8188150e-07 4.7955255e-06 ... 6.4769576e-09 3.2685559e-08
 6.5215029e-09]",embedding_kimia_subset72
21,"[1.0975415e-03 2.0150184e-03 9.0056463e-05 ... 1.3200020e-06 7.4631077e-07
 4.8749644e-06]",embedding_chest_subset34
22,"[3.0152867e-06 1.1059628e-06 7.0303372e-07 ... 3.6030514e-09 5.3917555e-09
 1.0028189e-08]",embedding_kimia_subset19
23,"[1.6204448e-04 1.5506534e-04 6.9265967e-05 ... 1.1487720e-06 2.0168034e-08
 2.1845313e-08]",embedding_pcam-small_subset98
24,"[1.5909868e-04 2.6812570e-04 1.2899876e-04 ... 6.5929078e-07 7.4144467e-08
 1.2207138e-07]",embedding_pcam-small_subset8
25,"[3.6942126e-06 2.7842743e-06 9.1255032e-07 ... 1.0027272e-08 1.0108220e-08
 1.5367638e-08]",embedding_textures_subset7
26,"[8.6652552e-04 9.6298158e-05 1.6119266e-05 ... 7.6287921e-07 8.4439726e-08
 1.5942037e-06]",embedding_isic_subset45
27,"[1.1474103e-03 2.6001123e-04 1.0280885e-05 ... 5.6549982e-07 5.5701645e-07
 9.5683326e-08]",embedding_isic_subset7
28,"[2.8992807e-05 3.0011028e-05 2.0210584e-06 ... 1.5668050e-08 5.4011377e-08
 7.0756371e-08]",embedding_sti10_subset9
29,"[8.2741550e-05 3.2912561e-05 6.3115276e-06 ... 9.5696308e-08 1.3804164e-07
 2.3218698e-08]",embedding_sti10_subset34
30,"[3.0134557e-04 5.1075278e-04 2.1200143e-04 ... 7.0829742e-07 3.6704002e-06
 2.7523473e-08]",embedding_pcam-middle_subset69
31,"[1.2955094e-05 3.6846202e-06 5.9607964e-07 ... 2.1181860e-08 1.3755074e-08
 1.5139511e-08]",embedding_stl10_subset65
32,"[5.9973040e-06 2.9347641e-06 2.4196752e-06 ... 5.8404549e-08 8.3769010e-09
 1.1218337e-08]",embedding_kimia_subset95
33,"[2.08966871e-04 3.19548213e-04 1.15049836e-04 ... 8.58767294e-07
 9.24654397e-09 3.42969088e-07]",embedding_pcam-small_subset14
34,"[2.6354892e-04 4.6929641e-04 1.5354945e-04 ... 1.5729843e-06 2.2227267e-07
 1.2762116e-07]",embedding_pcam-small_subset2
35,"[1.8959989e-06 5.5246373e-06 7.0527886e-07 ... 4.0478034e-09 1.2448722e-09
 2.9681206e-09]",embedding_textures_subset24
36,"[1.4382145e-04 1.4884725e-04 9.8849094e-05 ... 2.0387265e-09 7.5737125e-07
 1.2691321e-07]",embedding_pcam-small_subset92
37,"[1.5556138e-06 1.4393653e-06 3.4708685e-07 ... 4.4664401e-09 5.0215712e-09
 3.6039052e-09]",embedding_kimia_subset13
38,"[5.1748480e-06 9.0868929e-07 3.0113711e-06 ... 3.6925025e-09 4.3241246e-09
 2.5743268e-09]",embedding_kimia_subset78
39,"[8.2882816e-06 4.0022956e-06 5.1652313e-07 ... 2.2492532e-08 5.8617687e-08
 8.4980671e-09]",embedding_stl10_subset88
40,"[1.2167103e-03 2.1846509e-03 1.9036452e-04 ... 8.9767189e-09 1.8630097e-07
 2.0618797e-08]",embedding_chest_subset55
41,"[3.1790917e-04 3.5097520e-04 1.7792462e-04 ... 1.1182225e-06 2.0726281e-07
 6.1963069e-06]",embedding_pcam-middle_subset84
42,"[6.4168335e-04 1.0803194e-03 9.0232585e-05 ... 3.6856213e-07 2.6608776e-08
 2.9229899e-08]",embedding_chest_subset4
43,"[1.5496609e-03 1.4647347e-04 1.1727580e-05 ... 8.9818991e-07 2.8262673e-07
 7.9575921e-07]",embedding_isic_subset24
44,"[3.0513827e-04 3.7100175e-04 1.9118030e-04 ... 1.4905421e-08 9.8936596e-08
 1.3701884e-06]",embedding_pcam-middle_subset63
45,"[2.7563996e-05 1.7490349e-05 1.6197060e-06 ... 2.2049933e-08 2.9039924e-08
 8.4853234e-08]",embedding_sti10_subset55
46,"[2.6063282e-05 2.5402631e-05 3.1266438e-06 ... 9.5542092e-08 7.4464118e-08
 9.4225378e-08]",embedding_sti10_subset3
47,"[1.3051747e-04 2.7944706e-04 1.6416880e-04 ... 1.3440271e-06 4.6623981e-07
 1.5236749e-08]",embedding_pcam-small_subset75
48,"[1.87130226e-03 1.95634598e-03 1.16601856e-04 ... 1.30720409e-07
 1.56509365e-08 1.89034529e-06]",embedding_chest_subset51
49,"[2.5504624e-04 3.5226485e-04 1.5619563e-04 ... 6.4116165e-08 3.4704391e-07
 1.0495659e-06]",embedding_pcam-middle_subset80
50,"[5.2891846e-04 1.1611187e-03 1.0805197e-04 ... 1.9284458e-07 7.0971808e-08
 8.8999224e-07]",embedding_chest_subset0
51,"[3.5841833e-06 1.0567388e-05 1.7502390e-06 ... 3.8845496e-08 2.0372143e-08
 1.5775372e-08]",embedding_textures_subset20
52,"[1.06279746e-04 2.49028904e-04 1.04659026e-04 ... 9.34651439e-07
 5.92380520e-11 9.11729273e-07]",embedding_pcam-small_subset6
53,"[8.8021070e-06 1.3429026e-06 1.7939791e-06 ... 4.1777701e-09 4.3606452e-09
 6.6650361e-09]",embedding_kimia_subset17
54,"[1.9202249e-04 2.7165044e-04 9.9111043e-05 ... 1.6104555e-07 4.6323154e-07
 1.1215940e-06]",embedding_pcam-small_subset96
55,"[8.7769942e-05 4.1242707e-05 4.4065114e-06 ... 1.9166441e-08 1.3645524e-07
 1.0261282e-07]",embedding_isic_subset9
56,"[1.3274218e-05 1.4792412e-05 9.9653369e-07 ... 5.9645878e-08 1.7105563e-08
 3.1838219e-08]",embedding_sti10_subset51
57,"[3.7894093e-05 2.3629400e-05 2.3994169e-06 ... 1.9232925e-08 8.7121244e-08
 3.3821173e-08]",embedding_sti10_subset7
58,"[4.06328991e-06 7.14636280e-06 1.36800475e-06 ... 4.94071362e-09
 1.05419735e-08 6.00693939e-09]",embedding_textures_subset9
59,"[2.2009973e-04 3.3716820e-04 1.4755291e-04 ... 5.2438760e-09 2.5562734e-08
 8.7456954e-07]",embedding_pcam-small_subset71
60,"[1.6987266e-04 7.5050225e-06 6.3172371e-07 ... 6.4914674e-09 1.1721379e-07
 1.8158209e-08]",embedding_isic_subset20
61,"[2.5734867e-04 3.3712076e-04 1.4742157e-04 ... 4.4260230e-07 1.2028443e-07
 5.6015091e-07]",embedding_pcam-middle_subset67
62,"[1.1469100e-03 1.3851909e-03 1.0797947e-04 ... 1.0197277e-08 1.5353761e-06
 3.3243223e-06]",embedding_chest_subset30
63,"[1.6630951e-06 9.8080463e-06 5.5538908e-07 ... 1.9805817e-08 8.8900709e-09
 8.8437400e-09]",embedding_textures_subset41
64,"[2.2063386e-05 6.3175271e-06 7.4084187e-07 ... 1.6560234e-08 2.8539048e-08
 2.0138021e-08]",embedding_stl10_subset86
65,"[1.3425953e-06 1.5393135e-07 4.5321772e-07 ... 5.9765157e-09 1.8929887e-09
 4.0385779e-09]",embedding_kimia_subset76
66,"[4.6372883e-05 1.9124516e-05 2.0372365e-06 ... 5.4261207e-08 2.8636981e-07
 2.9864275e-08]",embedding_sti10_subset30
67,"[1.5777051e-04 1.7902705e-04 7.3485411e-05 ... 1.9621898e-07 4.3789913e-07
 1.5375929e-07]",embedding_pcam-small_subset10
68,"[2.9678678e-05 1.1977331e-05 7.9004093e-07 ... 3.6828460e-08 1.9195163e-08
 7.4366047e-09]",embedding_stl10_subset61
69,"[2.1945800e-06 1.7380547e-07 1.7634038e-07 ... 9.8289936e-09 8.3202947e-09
 3.0889213e-09]",embedding_kimia_subset91
70,"[4.2874727e-04 5.9282585e-05 2.5960655e-06 ... 7.2839221e-08 1.3598071e-07
 1.4154210e-07]",embedding_isic_subset41
71,"[2.1033018e-06 2.9915420e-06 6.5072987e-07 ... 6.3114158e-09 4.3500807e-09
 4.6033493e-09]",embedding_textures_subset3
72,"[7.6551927e-04 2.9033545e-04 2.5546857e-05 ... 1.0557882e-06 3.8302983e-06
 1.5549465e-06]",embedding_isic_subset3
73,"[6.0926304e-06 5.5526411e-06 1.0582444e-06 ... 1.0734339e-08 1.5264925e-08
 4.6233501e-09]",embedding_textures_subset89
74,"[3.2029685e-04 3.1844361e-04 2.0573517e-04 ... 6.5289169e-07 2.3494067e-07
 1.6379289e-06]",embedding_pcam-middle_subset42
75,"[1.8166936e-03 2.0620532e-03 1.6434040e-04 ... 8.6514643e-07 1.0101185e-08
 1.4813631e-07]",embedding_chest_subset93
76,"[6.4807223e-06 3.9338370e-06 3.9037792e-07 ... 1.9278539e-09 3.4116185e-09
 1.9864477e-09]",embedding_stl10_subset25
77,"[1.4515822e-04 2.0314431e-04 1.0332653e-04 ... 2.5832554e-07 1.0572305e-06
 3.7694505e-09]",embedding_pcam-small_subset54
78,"[2.7870116e-04 3.8278467e-04 1.7698940e-04 ... 2.0341704e-06 3.9941159e-07
 2.4045960e-07]",embedding_pcam-middle_subset29
79,"[1.4964115e-05 1.1206663e-05 7.4640093e-07 ... 1.3942296e-08 3.9658794e-08
 5.6447639e-08]",embedding_sti10_subset74
80,"[1.1048618e-05 9.6850717e-06 1.2650545e-06 ... 3.3496214e-08 7.7588332e-08
 1.6621733e-08]",embedding_kimia_subset32
81,"[3.5712478e-04 5.2686071e-05 2.5643710e-06 ... 1.5489345e-08 1.9678605e-07
 5.3449514e-07]",embedding_isic_subset89
82,"[4.5011911e-05 2.1575070e-05 2.4309547e-06 ... 1.8641268e-07 6.2983794e-08
 6.9010333e-08]",embedding_sti10_subset93
83,"[2.5416562e-06 1.9812940e-07 1.2279204e-06 ... 5.7454481e-09 4.2139154e-09
 1.1018706e-08]",embedding_kimia_subset59
84,"[1.3300773e-03 1.2578265e-03 6.0451792e-05 ... 2.2241486e-06 1.4275593e-06
 9.5804842e-07]",embedding_chest_subset74
85,"[2.5962226e-04 3.3391840e-04 1.5337426e-04 ... 2.3895672e-07 3.9015251e-08
 2.9186015e-07]",embedding_pcam-middle_subset23
86,"[5.4236210e-04 2.3321326e-04 1.2646339e-05 ... 3.4402487e-07 1.1765388e-07
 1.5499643e-07]",embedding_isic_subset64
87,"[1.5885300e-04 1.2561426e-04 7.6151890e-05 ... 5.5294514e-08 1.3988655e-06
 3.0562350e-07]",embedding_pcam-small_subset35
88,"[2.0251942e-03 1.6837897e-03 1.1084192e-04 ... 8.4234898e-07 1.1131509e-06
 7.5358020e-07]",embedding_chest_subset99
89,"[5.2816566e-05 1.1952066e-05 1.4289566e-06 ... 5.4475173e-08 7.8728455e-08
 4.7026354e-08]",embedding_stl10_subset44
90,"[2.8932077e-04 4.1416366e-04 2.1026201e-04 ... 6.3378275e-07 1.5392123e-07
 7.1056243e-06]",embedding_pcam-middle_subset48
91,"[2.8090086e-05 2.0536145e-05 2.0973062e-06 ... 1.9952321e-08 1.6411644e-08
 1.5111097e-07]",embedding_sti10_subset15
92,"[2.5780680e-06 7.4192230e-06 2.1254264e-06 ... 6.1640102e-09 1.9590411e-08
 2.2602521e-08]",embedding_textures_subset83
93,"[1.7549075e-06 8.7038262e-07 7.5782714e-07 ... 2.1305033e-09 2.4834439e-09
 2.5111293e-08]",embedding_kimia_subset53
94,"[2.2507584e-06 8.8380830e-06 1.3560850e-06 ... 6.7093104e-08 1.3841450e-08
 1.8066070e-08]",embedding_textures_subset64
95,"[1.8794099e-05 1.7434184e-05 1.5684901e-06 ... 5.0855387e-08 1.9599012e-08
 4.3508670e-08]",embedding_sti10_subset99
96,"[5.8694993e-04 1.6351871e-04 7.5749472e-06 ... 1.0479844e-07 4.0755936e-07
 9.1390866e-08]",embedding_isic_subset83
97,"[2.1257664e-03 1.4314906e-03 1.7512486e-04 ... 1.0557336e-06 1.6526219e-06
 2.5306923e-07]",embedding_chest_subset15
98,"[9.6463930e-07 2.6115927e-07 3.2604603e-07 ... 4.8089683e-09 4.6460191e-09
 4.8370854e-09]",embedding_kimia_subset38
99,"[7.9703523e-04 1.1075101e-03 4.0999828e-05 ... 4.5500048e-08 6.0669798e-08
 5.1056595e-08]",embedding_chest_subset41
100,"[3.3284156e-04 4.0149069e-04 1.7793279e-04 ... 1.8249136e-08 2.1336474e-08
 8.5675921e-08]",embedding_pcam-middle_subset90
101,"[3.3908466e-06 5.2585551e-06 6.0588246e-07 ... 4.4912265e-09 6.4564798e-09
 1.5753901e-08]",embedding_textures_subset30
102,"[1.6383974e-04 1.8292649e-04 1.0119509e-04 ... 4.5692414e-09 9.5655031e-09
 7.3502315e-07]",embedding_pcam-small_subset86
103,"[2.3309845e-05 1.3657694e-05 1.4117503e-06 ... 4.0962387e-08 4.7002651e-08
 2.2212026e-08]",embedding_sti10_subset41
104,"[1.7023303e-05 7.3635588e-06 7.8059065e-07 ... 1.2076598e-08 7.3158581e-09
 1.0178979e-08]",embedding_stl10_subset10
105,"[1.1519459e-04 1.7630613e-04 8.3124352e-05 ... 7.5764513e-07 2.4410729e-08
 3.8112498e-07]",embedding_pcam-small_subset61
106,"[1.0179073e-03 2.0244674e-04 1.8926983e-05 ... 1.4806322e-06 1.4762134e-06
 1.5606147e-06]",embedding_isic_subset30
107,"[2.8334514e-04 3.4724479e-04 2.0394064e-04 ... 1.0127892e-06 4.8519810e-09
 2.8439057e-08]",embedding_pcam-middle_subset77
108,"[5.5853109e-04 1.5058478e-03 5.7593665e-05 ... 6.6092767e-08 6.6379801e-07
 4.6147375e-07]",embedding_chest_subset20
109,"[3.8343304e-04 4.7363929e-04 2.3267743e-04 ... 3.4898964e-08 1.0166243e-06
 1.7443238e-08]",embedding_pcam-middle_subset1
110,"[1.7026008e-05 4.8507309e-06 8.0745252e-07 ... 7.1074249e-09 9.7427328e-09
 2.9289589e-08]",embedding_stl10_subset7
111,"[2.8999600e-06 1.0903063e-05 2.5773102e-06 ... 1.5559104e-08 3.1185738e-08
 9.2653583e-09]",embedding_textures_subset51
112,"[1.4573466e-06 2.6409836e-07 6.0963356e-07 ... 2.6791092e-09 6.7545383e-09
 3.2472087e-09]",embedding_kimia_subset66
113,"[1.29520595e-05 5.96951986e-06 7.61496892e-07 ... 1.56642219e-08
 1.94033642e-08 4.28563629e-09]",embedding_stl10_subset96
114,"[4.5573965e-05 2.5765004e-05 2.7922590e-06 ... 4.2611060e-08 2.9464276e-08
 7.2655361e-08]",embedding_sti10_subset20
115,"[4.6682590e-06 8.6450075e-07 7.9357039e-07 ... 8.0179214e-09 7.4177544e-09
 4.9516742e-09]",embedding_kimia_subset81
116,"[1.3612074e-05 6.3420985e-06 4.9848728e-07 ... 8.8430355e-08 1.8461897e-08
 4.0601318e-08]",embedding_stl10_subset71
117,"[7.9009304e-04 1.0976660e-04 2.3215180e-05 ... 1.9524796e-06 4.1780802e-07
 4.6002955e-07]",embedding_isic_subset51
118,"[2.5625189e-04 3.3949991e-04 1.8197900e-04 ... 1.2816120e-07 1.2714162e-07
 7.9449734e-07]",embedding_pcam-middle_subset16
119,"[3.7457751e-06 6.9168882e-06 7.1678369e-07 ... 4.9439071e-09 2.2187557e-08
 4.9679585e-08]",embedding_textures_subset99
120,"[3.0826961e-04 4.3323156e-04 2.2476850e-04 ... 1.4715031e-06 1.1918102e-06
 6.0215143e-07]",embedding_pcam-middle_subset52
121,"[5.8381591e-04 1.3344834e-03 7.8543235e-05 ... 1.4606541e-06 3.2025420e-07
 9.4551751e-07]",embedding_chest_subset83
122,"[2.4546968e-04 7.0440525e-05 4.1361368e-06 ... 1.3436110e-07 5.6049164e-08
 1.0263413e-07]",embedding_isic_subset15
123,"[6.9792522e-06 2.4984683e-06 4.3315092e-07 ... 4.4962127e-09 8.8107752e-09
 9.9969375e-09]",embedding_stl10_subset35
124,"[1.4910410e-06 5.1525944e-07 1.5023845e-06 ... 8.1423552e-09 1.1014514e-08
 3.6639960e-09]",embedding_kimia_subset8
125,"[1.0663243e-04 1.3146632e-04 1.0095505e-04 ... 4.9429481e-08 1.3342986e-07
 2.2550084e-08]",embedding_pcam-small_subset44
126,"[8.6061982e-06 1.8723746e-05 9.0032341e-07 ... 7.8624343e-09 7.2966713e-09
 1.4003451e-08]",embedding_sti10_subset64
127,"[2.85972696e-04 3.50105896e-04 1.71994368e-04 ... 3.31455567e-07
 1.00209797e-06 1.01282985e-05]",embedding_pcam-middle_subset39
128,"[7.8109688e-06 2.7865699e-06 3.2520857e-06 ... 8.6913827e-09 1.0190147e-08
 4.5646367e-09]",embedding_kimia_subset22
129,"[7.0906465e-04 1.6016165e-04 1.5990618e-05 ... 2.6138295e-07 2.1789114e-07
 7.5049314e-07]",embedding_isic_subset99
130,"[4.6370774e-06 1.9550693e-05 1.6678617e-06 ... 4.2243709e-08 3.1905554e-08
 3.9681989e-08]",embedding_textures_subset15
131,"[2.8442822e-05 3.0697240e-05 3.5141418e-06 ... 1.8707208e-08 1.5142216e-08
 4.4189271e-08]",embedding_sti10_subset83
132,"[6.3177518e-04 1.0290939e-03 4.5770463e-05 ... 3.4346931e-07 4.9411182e-07
 1.7757033e-07]",embedding_chest_subset64
133,"[1.7524960e-06 4.5474309e-07 3.1643146e-06 ... 5.3236038e-09 1.0582981e-08
 1.1137988e-08]",embedding_kimia_subset49
134,"[2.1795224e-04 2.7731183e-04 1.5361572e-04 ... 6.5640663e-08 2.5411416e-07
 1.0465272e-07]",embedding_pcam-middle_subset33
135,"[6.1139168e-04 1.1519061e-04 1.0997158e-05 ... 3.6882682e-07 3.4220513e-08
 1.1047645e-07]",embedding_isic_subset74
136,"[2.9419089e-06 5.0362979e-07 6.2990250e-07 ... 4.5931610e-09 9.1294057e-09
 5.5263287e-09]",embedding_kimia_subset2
137,"[1.8280627e-04 2.8968870e-04 1.4826504e-04 ... 3.2033711e-07 2.6391226e-07
 2.0317511e-06]",embedding_pcam-small_subset25
138,"[2.3500497e-05 7.2964672e-06 6.6526809e-07 ... 1.6344345e-08 2.2481437e-08
 1.9505341e-08]",embedding_stl10_subset54
139,"[6.3708384e-04 7.6475780e-04 6.3900967e-05 ... 2.9232665e-09 4.5954090e-07
 7.4309219e-07]",embedding_chest_subset89
140,"[2.8205151e-04 3.7875873e-04 1.6988649e-04 ... 2.5773543e-06 1.5585678e-06
 1.0213349e-06]",embedding_pcam-middle_subset58
141,"[1.8604400e-06 4.0106825e-06 5.4000742e-07 ... 2.9422402e-09 1.3737821e-09
 4.9943356e-09]",embedding_textures_subset93
142,"[2.3439404e-06 6.5966975e-07 1.8784648e-07 ... 5.3050209e-09 1.3386834e-08
 3.2594925e-09]",embedding_kimia_subset43
143,"[1.9770973e-06 4.9436958e-06 8.8531874e-07 ... 3.8883146e-09 1.3616850e-08
 1.0468116e-08]",embedding_textures_subset74
144,"[1.9695211e-05 2.5342166e-05 1.5942798e-06 ... 5.5550995e-09 1.8615191e-08
 2.7602619e-08]",embedding_sti10_subset89
145,"[3.8319355e-04 7.9172023e-05 2.3994505e-06 ... 9.2162520e-07 2.0485832e-07
 1.1414993e-06]",embedding_isic_subset93
146,"[1.0141905e-06 2.9939224e-07 1.2663261e-06 ... 4.3686526e-09 7.2533544e-09
 1.3251418e-09]",embedding_kimia_subset28
147,"[2.6513253e-05 9.8724749e-06 9.9975910e-07 ... 2.6151696e-08 3.4149373e-08
 1.9466707e-08]",embedding_stl10_subset50
148,"[2.2419132e-04 2.9496226e-04 1.7515094e-04 ... 1.5235956e-07 2.4330216e-08
 3.4185146e-07]",embedding_pcam-small_subset21
149,"[4.3390000e-06 7.5968655e-06 9.8616749e-07 ... 1.0760251e-08 1.3385154e-08
 9.1582031e-09]",embedding_textures_subset97
150,"[2.9100550e-04 3.7263209e-04 1.7660182e-04 ... 1.5671218e-07 7.2692319e-09
 3.1143759e-07]",embedding_pcam-middle_subset37
151,"[5.7026314e-06 7.9395551e-07 1.1534222e-06 ... 9.4843084e-09 9.9976791e-09
 5.5080283e-09]",embedding_kimia_subset6
152,"[9.64382934e-07 3.66808513e-06 1.08313195e-07 ... 3.05076568e-08
 5.83330106e-10 4.79294215e-10]",embedding_isic_subset70
153,"[4.2348713e-04 1.1922006e-04 5.3391973e-06 ... 2.7312959e-07 2.1563949e-06
 3.0177430e-06]",embedding_isic_subset97
154,"[6.7062098e-07 2.8835049e-07 2.7443605e-07 ... 1.1525784e-08 6.9021109e-09
 2.9917293e-09]",embedding_kimia_subset47
155,"[1.5957575e-06 4.1363437e-06 5.8113631e-07 ... 5.7787806e-09 3.1924769e-09
 5.4727134e-09]",embedding_textures_subset70
156,"[2.2343734e-04 2.7432988e-04 1.8882977e-04 ... 6.5286127e-07 7.0929826e-07
 8.5318504e-07]",embedding_pcam-small_subset40
157,"[1.5539541e-05 1.6393862e-05 9.6327733e-07 ... 1.1576136e-07 1.0988971e-08
 1.3241256e-08]",embedding_stl10_subset31
158,"[3.0676088e-05 1.2861102e-05 1.3953514e-06 ... 8.1870276e-08 8.2886224e-08
 4.4874380e-08]",embedding_sti10_subset60
159,"[3.0792074e-04 3.4663110e-04 1.9762051e-04 ... 3.6301055e-06 3.6113320e-06
 4.0459335e-07]",embedding_pcam-middle_subset56
160,"[1.3572806e-04 8.6326269e-05 2.7048891e-06 ... 1.7382925e-08 1.5119461e-08
 9.3770019e-08]",embedding_isic_subset11
161,"[4.6089580e-04 7.3690724e-04 5.6809266e-05 ... 6.5934785e-07 3.5999104e-08
 9.9495665e-08]",embedding_chest_subset87
162,"[1.2991870e-03 2.1200203e-03 1.3092997e-04 ... 2.6014129e-06 8.9431512e-07
 6.8135620e-08]",embedding_chest_subset60
163,"[1.0111547e-06 2.7305438e-07 2.4916034e-07 ... 4.7516795e-09 3.5467591e-09
 2.6389229e-09]",embedding_kimia_subset26
164,"[2.6168176e-05 1.9187903e-05 1.8506266e-06 ... 2.4217023e-08 4.3706269e-08
 3.6507391e-08]",embedding_sti10_subset87
165,"[7.3476131e-06 8.1756589e-06 3.3015656e-06 ... 2.5264640e-08 1.0003707e-08
 9.9711883e-09]",embedding_textures_subset11
166,"[1.4511669e-05 7.2766848e-06 8.5667006e-07 ... 7.0251414e-09 2.9606117e-08
 6.9112009e-09]",embedding_stl10_subset3
167,"[3.3387460e-06 2.8667334e-06 8.9152348e-07 ... 8.4450225e-09 2.0005091e-08
 2.1577698e-08]",embedding_textures_subset55
168,"[3.5342314e-06 3.7113423e-07 1.4975093e-07 ... 4.4354524e-09 1.7910132e-09
 7.6780422e-09]",embedding_kimia_subset62
169,"[1.0486318e-05 6.1128544e-06 2.9306216e-07 ... 8.6920497e-09 1.8033964e-08
 2.8977146e-08]",embedding_stl10_subset92
170,"[6.91754860e-04 1.68738165e-03 8.88337308e-05 ... 1.03657015e-07
 5.23834728e-07 8.71652759e-08]",embedding_chest_subset24
171,"[2.5384326e-04 3.6258769e-04 2.1481144e-04 ... 2.3595858e-07 7.4376679e-08
 8.6612516e-07]",embedding_pcam-middle_subset5
172,"[2.06032099e-04 2.22728238e-04 1.00481382e-04 ... 1.16220741e-10
 1.00149194e-07 4.55094238e-07]",embedding_pcam-small_subset88
173,"[7.3555193e-04 1.3342868e-04 1.3075104e-05 ... 9.0130561e-07 3.4914848e-07
 8.7654946e-08]",embedding_isic_subset55
174,"[2.3944392e-04 3.1944952e-04 1.7437103e-04 ... 1.7371543e-06 2.8944396e-06
 1.1351106e-06]",embedding_pcam-middle_subset12
175,"[3.3146152e-04 4.4972647e-04 2.1934834e-04 ... 4.7713438e-06 1.0346753e-06
 2.4705817e-12]",embedding_pcam-middle_subset79
176,"[2.9217186e-05 2.0176454e-05 2.0880589e-06 ... 1.3177450e-08 3.7746833e-08
 1.5688983e-07]",embedding_sti10_subset24
177,"[1.9874119e-06 1.9678895e-07 1.0222319e-07 ... 7.5632238e-09 2.3360696e-09
 9.0295682e-09]",embedding_kimia_subset85
178,"[3.1141153e-05 1.1961450e-05 5.2033636e-07 ... 1.5884501e-08 7.3629288e-08
 1.9529896e-08]",embedding_stl10_subset75
179,"[3.0653587e-06 4.0216937e-06 7.3622391e-07 ... 8.1832514e-09 7.8299447e-09
 1.2036016e-08]",embedding_textures_subset34
180,"[1.69695049e-04 2.24527656e-04 1.01144986e-04 ... 7.93735524e-07
 8.93646927e-07 4.55546768e-07]",embedding_pcam-small_subset82
181,"[6.8768259e-04 6.7408039e-04 1.9019268e-05 ... 1.3297846e-06 2.0393162e-07
 4.7265676e-08]",embedding_chest_subset45
182,"[2.5404737e-05 8.1799435e-06 9.4023073e-07 ... 6.4821206e-09 1.2917750e-08
 1.4336151e-08]",embedding_stl10_subset98
183,"[1.52043385e-05 3.37856818e-06 1.24430517e-06 ... 3.07875716e-08
 1.42484993e-07 1.01841824e-08]",embedding_kimia_subset68
184,"[3.4345902e-04 4.1591210e-04 2.1123710e-04 ... 1.6822725e-06 2.1073981e-06
 6.0531488e-06]",embedding_pcam-middle_subset94
185,"[2.1204492e-05 9.7436869e-06 1.0653707e-06 ... 3.6744193e-08 1.6463362e-08
 1.0379100e-08]",embedding_stl10_subset9
186,"[3.70296504e-04 1.00281344e-04 6.01525107e-06 ... 1.55216753e-07
 2.15310166e-07 9.98970080e-08]",embedding_isic_subset34
187,"[2.6454864e-04 3.2465885e-04 1.8638167e-04 ... 2.2348520e-06 9.9834654e-07
 1.0081675e-06]",embedding_pcam-middle_subset73
188,"[2.5562567e-04 3.8439102e-04 2.0126140e-04 ... 1.0849515e-06 1.3255746e-07
 1.1938610e-06]",embedding_pcam-middle_subset18
189,"[3.2397009e-05 2.0333728e-05 2.8930799e-06 ... 2.5025184e-08 5.7657132e-08
 1.0255449e-08]",embedding_sti10_subset45
190,"[1.6179400e-04 2.4575889e-04 1.2540290e-04 ... 1.7430665e-06 3.0902976e-09
 5.2439781e-09]",embedding_pcam-small_subset65
191,"[1.66979280e-05 9.52701885e-06 8.98735209e-07 ... 4.97720487e-09
 1.05465936e-07 1.14731975e-08]",embedding_stl10_subset14
192,"[1.3799684e-03 2.5899177e-03 7.2254516e-05 ... 5.4374220e-07 7.8561818e-08
 4.3828740e-07]",embedding_chest_subset37
193,"[2.2305578e-06 2.5083685e-07 9.4424666e-07 ... 7.5329026e-10 3.5739844e-09
 6.6258682e-10]",embedding_kimia_subset71
194,"[1.37478055e-05 5.53439122e-06 6.03937849e-07 ... 1.80591844e-08
 8.71549943e-09 1.61000031e-08]",embedding_stl10_subset81
195,"[1.13268588e-05 1.01556225e-05 2.15977047e-06 ... 1.83532585e-08
 9.09069886e-09 2.11634230e-08]",embedding_textures_subset46
196,"[1.3767635e-04 3.4384668e-04 1.2039777e-04 ... 8.9518460e-07 1.4272499e-07
 1.2377630e-07]",embedding_pcam-small_subset17
197,"[2.6217424e-06 1.9840853e-07 9.4560363e-07 ... 9.0578931e-09 6.4522871e-09
 2.3287416e-09]",embedding_kimia_subset96
198,"[8.06094522e-06 3.59655905e-06 5.44126976e-07 ... 1.43889265e-08
 1.02632498e-08 1.30145388e-08]",embedding_stl10_subset66
199,"[1.6761362e-05 1.5818838e-05 9.8658688e-07 ... 3.2778964e-08 2.9870254e-08
 4.2254911e-08]",embedding_sti10_subset37
200,"[6.3956191e-04 7.9122758e-05 4.4966100e-06 ... 1.3903343e-07 9.8867406e-07
 4.2824948e-07]",embedding_isic_subset4
201,"[2.8121957e-04 3.4081320e-05 1.9099680e-06 ... 1.3179497e-06 2.3947791e-07
 1.4808255e-07]",embedding_isic_subset46
202,"[2.5565180e-06 1.2333458e-05 1.2537174e-06 ... 1.3561094e-08 1.5010713e-08
 1.5806197e-08]",embedding_textures_subset4
203,"[1.7295718e-03 2.3155622e-03 1.1410243e-04 ... 4.9458714e-07 2.5803461e-08
 2.6952312e-06]",embedding_chest_subset7
204,"[2.5960707e-04 3.2621829e-04 1.8697348e-04 ... 1.8465309e-06 1.7191888e-07
 1.3884345e-07]",embedding_pcam-middle_subset87
205,"[8.2488946e-04 1.7270697e-03 1.2085830e-04 ... 2.5327950e-07 1.7249148e-06
 3.2479711e-08]",embedding_chest_subset56
206,"[1.7590129e-06 7.0364740e-07 5.4036281e-07 ... 2.4066571e-09 2.4529674e-09
 7.6804012e-09]",embedding_kimia_subset10
207,"[1.7805540e-04 1.5761812e-04 9.8808319e-05 ... 1.7833872e-07 4.7655493e-07
 2.4163504e-07]",embedding_pcam-small_subset91
208,"[5.3196268e-06 3.6523095e-06 9.4069026e-07 ... 3.5646355e-09 9.6884785e-09
 5.4908624e-09]",embedding_textures_subset27
209,"[1.7645028e-04 2.7720656e-04 1.5225974e-04 ... 1.7643841e-07 1.3026186e-06
 7.3877601e-07]",embedding_pcam-small_subset1
210,"[1.69438732e-04 2.47403077e-04 1.15617186e-04 ... 1.18801665e-07
 9.12820212e-07 2.73338152e-09]",embedding_pcam-small_subset76
211,"[1.7047911e-05 2.0198040e-05 1.0802402e-06 ... 2.1826359e-08 9.0658865e-08
 2.6020079e-08]",embedding_sti10_subset0
212,"[3.6576927e-05 2.7139457e-05 1.6104955e-06 ... 1.8400531e-08 5.8118918e-08
 8.3136506e-08]",embedding_sti10_subset56
213,"[2.4788431e-04 3.6662747e-04 1.6004560e-04 ... 1.9085189e-06 5.2222555e-07
 3.1095688e-08]",embedding_pcam-middle_subset60
214,"[7.9910614e-04 9.0416775e-05 1.2197528e-05 ... 1.4072536e-07 7.4303517e-07
 1.3778370e-07]",embedding_isic_subset27
215,"[2.1767110e-04 2.5886458e-05 4.4130397e-06 ... 1.3253702e-07 5.7088151e-08
 3.0800237e-08]",embedding_isic_subset63
216,"[1.7793877e-04 2.5288967e-04 1.3096703e-04 ... 2.6997934e-10 3.2820526e-07
 9.8217697e-07]",embedding_pcam-small_subset59
217,"[1.2379204e-05 5.0383410e-06 5.8212322e-07 ... 2.8260338e-08 1.2919354e-08
 1.0965995e-08]",embedding_stl10_subset28
218,"[2.6822268e-04 3.6055074e-04 1.7874257e-04 ... 1.1315512e-06 2.0459725e-06
 2.4288925e-06]",embedding_pcam-middle_subset24
219,"[2.0686046e-05 1.6141581e-05 1.7784990e-06 ... 6.6097208e-08 2.9867518e-08
 5.6069958e-08]",embedding_sti10_subset79
220,"[2.7229331e-05 2.6535281e-05 1.7419874e-06 ... 6.3804215e-08 2.1810614e-08
 5.4652784e-08]",embedding_sti10_subset12
221,"[6.3724065e-06 3.3626404e-06 1.1485834e-06 ... 1.6587069e-08 1.6434091e-08
 2.3767182e-08]",embedding_textures_subset84
222,"[9.7774144e-05 1.3231052e-04 4.8295176e-05 ... 2.5801731e-07 6.5715135e-08
 5.6445515e-11]",embedding_pcam-small_subset32
223,"[1.5727335e-05 1.4201922e-05 8.4073582e-07 ... 2.6731344e-08 2.2730713e-08
 5.6792229e-09]",embedding_stl10_subset43
224,"[3.2764226e-06 5.7353545e-06 2.3298694e-06 ... 1.6234875e-08 2.8115176e-08
 9.4342436e-09]",embedding_textures_subset63
225,"[2.2851445e-06 2.7166598e-07 3.3213058e-07 ... 6.7581865e-09 2.1361343e-08
 1.7965772e-09]",embedding_kimia_subset54
226,"[1.17059564e-03 1.48284005e-03 1.15258204e-04 ... 1.51133872e-06
 7.83517919e-07 4.25481915e-07]",embedding_chest_subset79
227,"[1.0511792e-03 1.1209434e-04 2.1002403e-05 ... 2.0232463e-07 1.9212359e-07
 8.3366933e-07]",embedding_isic_subset84
228,"[7.3720753e-04 1.7827312e-03 1.1608847e-04 ... 1.0058861e-06 2.3512637e-06
 2.4349852e-06]",embedding_chest_subset12
229,"[4.2347400e-04 1.1132715e-03 4.9288672e-05 ... 1.1298614e-07 9.5650696e-09
 8.9195061e-07]",embedding_chest_subset94
230,"[1.26667555e-05 5.81286076e-06 9.36206959e-07 ... 1.44178438e-08
 8.91900509e-09 1.48219303e-08]",embedding_stl10_subset49
231,"[1.3037796e-04 1.6953700e-04 9.6211785e-05 ... 3.7073119e-07 1.6059316e-07
 2.5213646e-07]",embedding_pcam-small_subset38
232,"[2.7584765e-04 3.6127141e-04 2.0916405e-04 ... 2.7984305e-07 2.7122380e-07
 1.4751251e-07]",embedding_pcam-middle_subset45
233,"[1.5715133e-05 1.2931434e-05 1.4605998e-06 ... 3.5955424e-08 8.2073640e-08
 1.2838199e-08]",embedding_sti10_subset18
234,"[1.6783000e-05 1.7496403e-05 1.0194634e-06 ... 1.0816698e-08 3.7738261e-08
 2.1821114e-08]",embedding_sti10_subset73
235,"[1.0693480e-05 3.9136271e-06 4.2708598e-07 ... 3.8516301e-09 1.5712034e-08
 3.8936259e-09]",embedding_stl10_subset22
236,"[1.6440873e-04 2.5146635e-04 1.4293355e-04 ... 3.8347569e-08 2.7139454e-06
 1.0613066e-09]",embedding_pcam-small_subset53
237,"[5.1842455e-04 6.0827730e-05 3.7242298e-06 ... 3.6579661e-07 1.8434156e-08
 6.2182431e-07]",embedding_isic_subset69
238,"[1.8830549e-05 2.1308002e-05 1.0814136e-06 ... 9.3231503e-09 1.2753831e-08
 4.4491696e-08]",embedding_sti10_subset94
239,"[7.6784490e-04 1.0940178e-03 7.3982381e-05 ... 1.1611492e-06 1.2562278e-06
 2.3893992e-06]",embedding_chest_subset18
240,"[2.5227648e-06 8.2759891e-07 1.0689018e-06 ... 5.2028519e-09 7.5362705e-10
 1.2243172e-09]",embedding_kimia_subset35
241,"[1.2256958e-03 1.2736329e-03 4.5118046e-05 ... 1.3973446e-06 3.2346217e-09
 1.9692250e-06]",embedding_chest_subset73
242,"[5.7180737e-06 5.0344538e-06 1.0670900e-06 ... 2.8401706e-08 8.7369081e-09
 7.8981266e-09]",embedding_textures_subset69
243,"[2.0541704e-05 1.8246355e-05 1.3146911e-06 ... 2.6232483e-08 7.3166051e-09
 4.7503846e-08]",embedding_sti10_subset77
244,"[1.0584165e-04 1.6127944e-04 8.1087252e-05 ... 8.2048587e-08 9.6024067e-08
 9.8593866e-08]",embedding_pcam-small_subset57
245,"[1.1796108e-05 7.6140600e-06 3.9031531e-07 ... 1.0386100e-08 5.9971121e-09
 9.8584882e-09]",embedding_stl10_subset26
246,"[1.0527293e-03 1.0391924e-03 7.4243297e-05 ... 1.3773763e-06 2.2501295e-07
 1.6530981e-07]",embedding_chest_subset90
247,"[3.3359043e-04 3.5880774e-04 1.5554625e-04 ... 3.2023820e-07 1.5758321e-06
 9.8238968e-07]",embedding_pcam-middle_subset41
248,"[5.3716963e-04 1.3853100e-03 6.2093313e-05 ... 1.9648116e-06 2.4726612e-06
 3.0207761e-07]",embedding_chest_subset77
249,"[1.3900053e-05 1.3465923e-05 1.4634591e-06 ... 1.2727847e-07 5.3192878e-08
 1.5371954e-07]",embedding_sti10_subset90
250,"[1.2587777e-06 1.5679905e-07 1.5736234e-07 ... 6.6865105e-09 6.6605579e-09
 3.9677919e-09]",embedding_kimia_subset31
251,"[4.6066011e-06 4.6538421e-06 9.9411363e-07 ... 5.3258655e-09 5.7845706e-09
 1.6331510e-08]",embedding_textures_subset80
252,"[2.9709396e-05 3.5576348e-05 1.8134471e-06 ... 4.4876487e-08 4.0320728e-08
 8.5689948e-08]",embedding_sti10_subset16
253,"[1.8228489e-05 6.3283933e-06 7.4852369e-07 ... 1.5469590e-08 6.8662098e-09
 2.2390553e-08]",embedding_stl10_subset47
254,"[1.2699333e-04 2.5059559e-04 9.9967772e-05 ... 6.4133843e-07 5.1788987e-07
 3.6365122e-07]",embedding_pcam-small_subset36
255,"[2.36702443e-04 7.09481392e-05 3.98394786e-06 ... 1.03524414e-07
 7.05624643e-07 2.10345846e-07]",embedding_isic_subset67
256,"[2.5800607e-04 3.6444174e-04 1.7080999e-04 ... 6.9581080e-07 5.5174660e-08
 1.5720840e-07]",embedding_pcam-middle_subset20
257,"[1.1016786e-03 1.7884625e-03 1.3368664e-04 ... 5.8085340e-07 4.0666731e-07
 1.1711386e-06]",embedding_chest_subset16
258,"[2.6975662e-04 8.8399938e-05 9.6883032e-06 ... 2.5660901e-08 3.0300246e-08
 3.6384125e-07]",embedding_isic_subset80
259,"[1.0755573e-05 4.5664310e-06 2.2476265e-06 ... 1.5792599e-08 2.2817646e-08
 2.5542372e-08]",embedding_textures_subset67
260,"[3.3142446e-06 1.0881340e-06 5.3832122e-07 ... 1.2932880e-08 4.4900936e-09
 1.1334955e-08]",embedding_kimia_subset50
261,"[2.16543878e-04 2.45362578e-04 1.19291515e-04 ... 8.59736474e-07
 1.48816639e-07 3.18588640e-08]",embedding_pcam-small_subset95
262,"[1.0728964e-03 1.8524175e-03 1.6374071e-04 ... 9.9527404e-07 9.9233500e-07
 2.5884215e-06]",embedding_chest_subset39
263,"[2.75642606e-06 7.30687475e-07 2.29993634e-06 ... 1.42087835e-08
 4.89468865e-09 3.14062953e-09]",embedding_kimia_subset14
264,"[1.7791307e-04 1.8296302e-04 1.0046197e-04 ... 3.4932714e-09 1.4117933e-06
 7.3411843e-07]",embedding_pcam-small_subset5
265,"[2.9546175e-06 1.5520123e-05 1.0785030e-06 ... 2.0635644e-08 1.2391428e-08
 8.4308063e-09]",embedding_textures_subset23
266,"[1.2252263e-03 1.3708650e-03 1.0725113e-04 ... 8.0211528e-08 2.1178732e-06
 4.0218970e-07]",embedding_chest_subset3
267,"[2.1915349e-04 2.7019632e-04 1.5416507e-04 ... 5.1791000e-07 1.6235806e-12
 1.2192032e-09]",embedding_pcam-middle_subset83
268,"[2.7247795e-06 5.8126639e-06 8.3568528e-07 ... 7.8519706e-09 6.6000903e-09
 8.1238500e-09]",embedding_textures_subset48
269,"[6.6623907e-04 1.5373139e-03 1.1054493e-04 ... 2.2915398e-09 3.9425340e-06
 2.7621155e-07]",embedding_chest_subset52
270,"[4.0023824e-05 3.5000874e-05 4.4597600e-06 ... 4.5552486e-08 1.0084106e-07
 2.6905104e-07]",embedding_sti10_subset39
271,"[2.9768684e-04 3.5016396e-04 1.8630360e-04 ... 3.0944824e-09 4.1876717e-07
 1.1074504e-06]",embedding_pcam-middle_subset64
272,"[9.8853685e-05 1.6810348e-04 8.1529804e-05 ... 1.7048357e-07 5.6164453e-08
 7.4564639e-07]",embedding_pcam-small_subset19
273,"[3.9710358e-04 1.7047748e-04 4.1003095e-06 ... 2.8686731e-07 2.2387514e-06
 4.8228958e-07]",embedding_isic_subset23
274,"[1.4092310e-05 6.3098996e-06 9.1212604e-07 ... 1.7307107e-08 5.9285914e-09
 2.9926831e-08]",embedding_stl10_subset68
275,"[2.6501239e-06 3.4748160e-07 1.6753468e-06 ... 7.5383531e-09 2.4981267e-08
 5.3408264e-09]",embedding_kimia_subset98
276,"[6.0142751e-04 1.2655630e-04 6.7098908e-06 ... 4.9348131e-07 1.0935249e-07
 2.1263488e-06]",embedding_isic_subset48
277,"[1.4548090e-04 1.7246173e-04 6.2928928e-05 ... 1.3282811e-07 3.7039808e-08
 9.2795582e-10]",embedding_pcam-small_subset72
278,"[3.1692103e-05 2.0884529e-05 1.5609429e-06 ... 9.2970936e-08 3.9119772e-08
 2.3599011e-08]",embedding_sti10_subset4
279,"[2.2973216e-05 1.9302342e-05 1.8893259e-06 ... 4.0524203e-08 6.4919853e-08
 1.1205062e-08]",embedding_sti10_subset52
280,"[1.75551736e-06 1.65782836e-07 2.56173081e-07 ... 4.17897095e-09
 1.32569244e-08 1.53641633e-08]",embedding_kimia_subset75
281,"[1.52349485e-05 1.06947045e-05 9.96637823e-07 ... 2.31885480e-08
 2.10516244e-08 2.39429809e-08]",embedding_stl10_subset85
282,"[9.4516767e-04 1.3716632e-03 1.5302638e-04 ... 1.1606637e-06 3.7559506e-08
 6.2763377e-07]",embedding_chest_subset58
283,"[4.7821568e-06 5.0149083e-06 1.7484751e-06 ... 7.0800317e-09 7.6168813e-09
 5.2065889e-09]",embedding_textures_subset42
284,"[3.0750685e-04 3.8615882e-04 2.0078672e-04 ... 4.0394678e-08 2.0848852e-06
 1.4571151e-06]",embedding_pcam-middle_subset89
285,"[1.7106320e-03 1.7123454e-03 1.2267737e-04 ... 2.0670387e-07 7.2219416e-07
 2.2206339e-06]",embedding_chest_subset9
286,"[3.1983636e-06 1.7775155e-05 1.3502045e-06 ... 1.8893203e-08 1.0358795e-08
 1.2138401e-08]",embedding_textures_subset29
287,"[1.3651666e-03 2.3907078e-03 9.9445242e-05 ... 1.2263700e-06 4.6376036e-07
 9.2410801e-08]",embedding_chest_subset33
288,"[1.4300046e-04 4.5894962e-05 6.1518363e-06 ... 9.6589055e-08 2.7991814e-07
 3.2987305e-07]",embedding_isic_subset0
289,"[4.0126015e-05 3.2758770e-05 2.1247563e-06 ... 1.0789180e-08 1.6036973e-08
 1.1923244e-07]",embedding_sti10_subset58
290,"[2.7542419e-06 3.6201545e-06 5.1375247e-07 ... 6.5701906e-09 2.5975346e-08
 3.9947071e-08]",embedding_textures_subset0
291,"[1.1855759e-04 2.1610864e-04 8.1109290e-05 ... 1.3886871e-07 6.9557052e-07
 9.7760120e-09]",embedding_pcam-small_subset78
292,"[1.0886713e-04 6.9030641e-05 1.1606954e-06 ... 9.3157652e-08 5.6839035e-08
 2.0688243e-07]",embedding_isic_subset42
293,"[1.8251329e-05 1.4695347e-05 2.4319615e-06 ... 3.0904754e-08 4.2540179e-08
 1.7152731e-08]",embedding_kimia_subset92
294,"[9.1382590e-06 6.8274499e-06 4.3150735e-07 ... 5.7881828e-09 2.9759221e-08
 1.9585146e-08]",embedding_stl10_subset62
295,"[1.7042541e-04 2.5792096e-05 3.0310671e-06 ... 3.7451464e-08 8.2052125e-08
 8.5712069e-09]",embedding_isic_subset29
296,"[1.2935979e-04 1.9252088e-04 9.7568707e-05 ... 2.7797698e-06 3.9437943e-08
 7.6319296e-08]",embedding_pcam-small_subset13
297,"[2.3293698e-05 1.4185754e-05 2.0799034e-06 ... 2.9125689e-08 4.2107487e-08
 4.3905974e-08]",embedding_sti10_subset33
298,"[2.2220134e-05 1.7084138e-05 1.3255320e-06 ... 3.4606572e-08 1.5763097e-08
 6.6653307e-08]",embedding_sti10_subset67
299,"[2.0622391e-04 2.9132637e-04 1.0736175e-04 ... 5.2827331e-10 2.1140710e-10
 5.8638864e-07]",embedding_pcam-small_subset47
300,"[3.4746099e-05 9.8491982e-06 8.5690488e-07 ... 3.7891137e-08 2.2123647e-08
 1.2735427e-08]",embedding_stl10_subset36
301,"[1.0933156e-04 3.0261965e-05 2.0513073e-06 ... 4.7956295e-08 2.2688850e-08
 2.4353358e-07]",embedding_isic_subset16
302,"[1.2207469e-03 1.8955526e-03 9.6509400e-05 ... 2.3869009e-07 1.3588144e-06
 1.6978062e-08]",embedding_chest_subset80
303,"[2.8185218e-04 3.3545838e-04 1.6451397e-04 ... 1.7093535e-08 1.9387642e-06
 1.4269693e-07]",embedding_pcam-middle_subset51
304,"[6.5031275e-04 1.7162958e-03 6.5564316e-05 ... 1.2857414e-07 5.7267826e-08
 4.7075954e-08]",embedding_chest_subset67
305,"[1.50732185e-05 1.78105274e-05 1.79535630e-06 ... 2.48392045e-08
 5.16677652e-08 1.44413477e-08]",embedding_sti10_subset80
306,"[2.4633209e-06 6.9584480e-06 7.5492437e-07 ... 2.0081545e-09 5.2921858e-09
 6.8594304e-09]",embedding_textures_subset16
307,"[1.0861814e-06 5.3029964e-07 1.1483969e-06 ... 1.7775619e-09 1.4466538e-09
 6.1402583e-10]",embedding_kimia_subset21
308,"[2.7327237e-06 5.8148876e-06 5.4196659e-07 ... 1.7073026e-08 1.7613935e-08
 1.3834610e-08]",embedding_textures_subset90
309,"[1.2495033e-05 1.2952251e-05 8.3150394e-07 ... 4.2491244e-08 1.6946759e-08
 4.5449070e-08]",embedding_stl10_subset57
310,"[1.3176391e-04 1.9828448e-04 8.9486835e-05 ... 3.7316767e-07 3.9223517e-07
 7.0730927e-10]",embedding_pcam-small_subset26
311,"[1.4927607e-06 8.6807700e-07 2.5042138e-07 ... 4.0117643e-09 2.0710020e-09
 6.2759056e-09]",embedding_kimia_subset1
312,"[4.0529238e-04 3.9562787e-05 3.4346710e-06 ... 3.8500076e-07 3.3774361e-06
 1.9376634e-07]",embedding_isic_subset77
313,"[2.6927033e-04 3.1924268e-04 1.6288689e-04 ... 2.3627435e-07 2.7526899e-06
 6.7628105e-07]",embedding_pcam-middle_subset30
314,"[4.6289651e-04 3.1610343e-04 1.0167546e-05 ... 1.4124515e-07 1.1951739e-08
 3.3063742e-07]",embedding_isic_subset90
315,"[1.8507991e-06 8.3426385e-06 6.7743809e-07 ... 4.1643444e-09 3.8003409e-09
 1.1194874e-08]",embedding_textures_subset77
316,"[1.0367339e-06 4.9475591e-07 1.4267896e-07 ... 9.9998871e-09 1.1434311e-09
 1.5480183e-09]",embedding_kimia_subset40
317,"[2.0945155e-04 4.8585530e-04 1.5050579e-04 ... 2.0400977e-07 1.1888523e-06
 6.1929620e-07]",embedding_pcam-small_subset85
318,"[6.2887464e-04 1.5258488e-03 9.9310346e-05 ... 1.9646302e-06 4.6679014e-07
 1.1858733e-06]",embedding_chest_subset29
319,"[3.0428558e-04 3.6283673e-04 1.7738537e-04 ... 4.7512776e-06 5.4153872e-07
 1.8273402e-06]",embedding_pcam-middle_subset8
320,"[2.0670313e-06 9.0681124e-06 1.0807289e-06 ... 2.8421576e-08 3.1225603e-08
 1.4259612e-08]",embedding_textures_subset33
321,"[2.5343068e-04 2.8759264e-04 1.6183744e-04 ... 6.0900419e-08 3.8398289e-07
 1.5722992e-07]",embedding_pcam-middle_subset93
322,"[4.6021964e-06 6.4463447e-06 9.8692271e-07 ... 1.0710023e-08 3.2833466e-08
 1.4918738e-08]",embedding_textures_subset58
323,"[6.3186570e-04 1.6753100e-03 7.1179078e-05 ... 2.1739069e-08 1.4058660e-08
 1.5976516e-07]",embedding_chest_subset42
324,"[2.9568421e-04 3.8923486e-04 1.8185332e-04 ... 1.8601334e-07 1.1662502e-06
 2.4503933e-07]",embedding_pcam-middle_subset74
325,"[7.6062461e-05 3.2166590e-05 1.8179288e-06 ... 4.0606807e-08 3.2108854e-08
 2.1160265e-08]",embedding_sti10_subset29
326,"[8.7389251e-04 6.5812004e-05 3.6476065e-06 ... 1.7811689e-07 3.5106278e-09
 8.3493347e-07]",embedding_isic_subset33
327,"[3.1736110e-06 1.0717166e-06 3.1540617e-06 ... 3.9788915e-08 5.5028013e-09
 4.1075041e-09]",embedding_kimia_subset88
328,"[1.4543774e-05 4.3157670e-06 5.6700878e-07 ... 2.4211882e-08 8.2707006e-09
 1.4948759e-08]",embedding_stl10_subset78
329,"[1.9476983e-04 4.6938303e-04 1.7804075e-04 ... 3.0837580e-08 1.0410922e-07
 2.1328586e-09]",embedding_pcam-small_subset62
330,"[6.3162512e-04 8.3177816e-05 8.0239834e-06 ... 4.0678214e-07 2.0038986e-07
 4.3407891e-07]",embedding_isic_subset58
331,"[1.1629453e-05 6.1979194e-06 6.0239432e-07 ... 3.5995729e-08 3.6164675e-08
 2.3119300e-09]",embedding_stl10_subset13
332,"[3.3411052e-05 2.3398370e-05 2.3751406e-06 ... 7.5440560e-08 4.3159613e-08
 2.0116167e-08]",embedding_sti10_subset42
333,"[1.3948131e-03 2.7995089e-03 1.6453881e-04 ... 9.6359393e-08 2.9764007e-07
 2.3116357e-07]",embedding_chest_subset48
334,"[1.6941241e-05 7.4202958e-06 7.0370498e-07 ... 1.7821966e-08 3.0448888e-08
 1.1975389e-08]",embedding_stl10_subset95
335,"[3.7063683e-07 3.3809872e-07 5.6834573e-08 ... 5.4763671e-10 4.1556025e-09
 3.0325429e-09]",embedding_kimia_subset65
336,"[2.2818338e-06 8.9164114e-06 7.9406863e-07 ... 8.7603143e-09 1.8118744e-08
 5.0550099e-08]",embedding_textures_subset52
337,"[1.9441868e-05 8.5037564e-06 7.8465968e-07 ... 2.8670451e-08 2.4368546e-08
 2.3997996e-08]",embedding_stl10_subset4
338,"[2.9739240e-04 3.4582007e-04 1.6979620e-04 ... 2.2021650e-06 6.4364563e-09
 2.6237631e-06]",embedding_pcam-middle_subset99
339,"[4.4346193e-06 4.1827361e-06 4.1699622e-07 ... 1.4019201e-09 3.7471355e-09
 3.4456105e-09]",embedding_textures_subset39
340,"[2.3119029e-04 3.3499190e-04 1.9246139e-04 ... 1.4670518e-09 4.4002373e-08
 6.5933421e-07]",embedding_pcam-middle_subset2
341,"[6.5561297e-04 1.8462142e-03 7.8453551e-05 ... 4.2657176e-09 2.9381243e-07
 1.4344688e-07]",embedding_chest_subset23
342,"[2.6645311e-04 3.8282445e-04 1.9197320e-04 ... 3.8150006e-06 3.4586554e-07
 4.4146131e-07]",embedding_pcam-middle_subset15
343,"[2.6935139e-05 2.4426416e-05 1.9466377e-06 ... 9.1405560e-08 1.6148888e-08
 5.8338134e-08]",embedding_sti10_subset48
344,"[1.1325850e-05 1.2242418e-05 8.1084607e-07 ... 2.6504422e-08 6.3284684e-09
 1.4054244e-08]",embedding_stl10_subset19
345,"[1.5856927e-03 1.1785506e-04 1.2174881e-05 ... 4.1169412e-07 1.1941361e-07
 3.0168906e-07]",embedding_isic_subset52
346,"[2.1787705e-04 2.3446065e-04 1.4805255e-04 ... 8.9475793e-07 7.9985753e-08
 1.4259779e-06]",embedding_pcam-small_subset68
347,"[2.8636870e-05 1.1487119e-05 8.9067657e-07 ... 5.3140457e-08 3.4797370e-08
 6.4153731e-08]",embedding_stl10_subset72
348,"[1.3419602e-06 4.1518288e-07 2.0271575e-07 ... 4.7321671e-09 1.0933662e-08
 4.3700643e-09]",embedding_kimia_subset82
349,"[9.6239749e-04 1.6321562e-04 1.5319250e-05 ... 1.7032802e-06 4.0803961e-08
 9.0047428e-07]",embedding_isic_subset39
350,"[2.4846242e-05 9.6705680e-06 1.4062148e-06 ... 7.5790201e-09 4.7053842e-08
 3.9299252e-08]",embedding_sti10_subset23
351,"[2.8394107e-04 3.9884419e-04 1.7802474e-04 ... 1.0798294e-07 4.1765666e-06
 1.6660048e-06]",embedding_pcam-middle_subset6
352,"[8.9662435e-04 1.7048049e-03 1.2918477e-04 ... 1.6960600e-07 5.3400379e-07
 3.8643998e-06]",embedding_chest_subset27
353,"[1.7973243e-05 4.1569178e-06 5.8322632e-07 ... 2.0230111e-08 5.0235300e-09
 5.0099693e-09]",embedding_stl10_subset91
354,"[1.0815162e-06 1.5996237e-07 1.3617385e-07 ... 4.4344195e-09 8.5078311e-10
 9.1123322e-09]",embedding_kimia_subset61
355,"[3.5792943e-06 7.6442375e-06 1.0752728e-06 ... 1.8874408e-08 2.2834769e-08
 6.1526761e-09]",embedding_textures_subset56
356,"[1.4619347e-05 5.2857981e-06 3.8070178e-07 ... 6.8535111e-09 4.5228656e-09
 2.3421777e-08]",embedding_stl10_subset0
357,"[1.1646830e-05 3.7711682e-06 4.1102962e-07 ... 3.5947956e-08 2.6837816e-08
 6.2831824e-09]",embedding_stl10_subset76
358,"[1.4600178e-06 4.8986806e-07 2.5956945e-07 ... 2.5842841e-09 4.6874402e-09
 2.5372835e-09]",embedding_kimia_subset86
359,"[2.6743372e-05 1.2453942e-05 2.1738908e-06 ... 4.0021451e-08 2.6184880e-08
 5.9811867e-08]",embedding_sti10_subset27
360,"[2.7446306e-04 3.7301131e-04 2.0789674e-04 ... 1.3611314e-06 5.8360121e-07
 1.6227289e-06]",embedding_pcam-middle_subset11
361,"[1.3671030e-03 1.6903515e-04 2.6950616e-05 ... 5.8168553e-07 1.0354934e-06
 6.8094135e-07]",embedding_isic_subset56
362,"[2.3114869e-04 3.3615978e-04 1.5355917e-04 ... 1.1845372e-08 3.6234445e-07
 6.1945371e-08]",embedding_pcam-middle_subset97
363,"[3.5222227e-04 8.1173429e-04 5.7432946e-05 ... 3.9794806e-08 2.7469702e-07
 1.8423245e-06]",embedding_chest_subset46
364,"[1.5421609e-04 1.1242731e-04 4.9173279e-05 ... 2.1225027e-07 5.6157493e-08
 3.2777311e-07]",embedding_pcam-small_subset81
365,"[3.1789575e-06 3.6465167e-06 1.0042263e-06 ... 2.1171752e-08 8.1210576e-09
 3.0033227e-08]",embedding_textures_subset37
366,"[2.2630915e-05 8.5700585e-06 1.1379296e-06 ... 4.5336634e-08 1.9466244e-08
 6.5089566e-08]",embedding_stl10_subset17
367,"[1.1132931e-04 1.3802314e-04 8.4202351e-05 ... 2.3568195e-07 3.0998635e-07
 5.3417587e-12]",embedding_pcam-small_subset66
368,"[5.5550230e-05 5.4038606e-05 3.3267718e-06 ... 8.5233802e-09 3.4410700e-08
 2.9930863e-08]",embedding_sti10_subset46
369,"[2.8196306e-04 3.4516098e-04 1.6481074e-04 ... 4.0193049e-06 1.2506842e-08
 2.0853461e-06]",embedding_pcam-middle_subset70
370,"[4.6583914e-04 7.3718227e-05 9.3390445e-06 ... 7.5353944e-07 1.0705749e-07
 6.3146655e-07]",embedding_isic_subset37
371,"[2.3400824e-04 3.3329098e-04 2.0629205e-04 ... 6.2844401e-07 1.3542945e-06
 8.0525001e-07]",embedding_pcam-small_subset49
372,"[3.7355078e-04 7.7859615e-05 7.6219108e-06 ... 9.3688890e-08 2.3763656e-07
 1.1025919e-06]",embedding_isic_subset73
373,"[2.9426525e-05 1.2017466e-05 4.3973164e-06 ... 1.4901545e-08 1.4200989e-08
 3.6811851e-08]",embedding_stl10_subset38
374,"[1.5588849e-06 2.9985691e-07 3.1597139e-07 ... 2.4851945e-09 2.5405011e-09
 7.4837283e-09]",embedding_kimia_subset5
375,"[3.1382522e-05 1.7737166e-05 1.5454889e-06 ... 5.7061097e-08 4.1434589e-08
 5.0212869e-09]",embedding_sti10_subset69
376,"[2.8403493e-04 3.7554564e-04 2.2362069e-04 ... 3.9731640e-06 1.9915113e-07
 7.5036013e-08]",embedding_pcam-middle_subset34
377,"[6.0804609e-06 9.8051905e-06 1.7088605e-06 ... 2.4191622e-09 5.8485150e-09
 2.5325912e-08]",embedding_textures_subset94
378,"[1.0688129e-05 3.6239192e-06 3.8885349e-07 ... 7.9367082e-09 3.2879637e-08
 2.4479119e-09]",embedding_isic_subset18
379,"[1.2875571e-04 1.6291367e-04 1.2885647e-04 ... 5.1524432e-07 2.9301268e-09
 9.6527208e-07]",embedding_pcam-small_subset22
380,"[2.4288289e-05 1.1570869e-05 6.7585569e-07 ... 2.7621953e-08 2.9305461e-08
 1.1201927e-08]",embedding_stl10_subset53
381,"[4.3957093e-06 6.9438811e-06 7.8761531e-07 ... 2.8340231e-08 3.3408508e-08
 1.0577637e-08]",embedding_textures_subset73
382,"[1.6545713e-03 2.9081232e-03 1.5228700e-04 ... 6.3558481e-08 8.7525279e-08
 5.1744864e-06]",embedding_chest_subset69
383,"[1.2291721e-06 2.1859931e-07 1.1896995e-07 ... 2.0683055e-09 6.2892740e-09
 1.3196376e-09]",embedding_kimia_subset44
384,"[1.7932573e-04 4.8125654e-05 2.1616877e-06 ... 7.6461166e-09 1.4227494e-07
 3.7557683e-08]",embedding_isic_subset94
385,"[3.0653559e-06 6.1863821e-06 6.9871732e-07 ... 3.2150802e-09 3.9346997e-09
 1.3794865e-08]",embedding_textures_subset18
386,"[2.0073992e-05 1.6336291e-05 6.9694983e-07 ... 1.2572199e-08 1.9027320e-08
 3.9964519e-08]",embedding_stl10_subset59
387,"[1.1955571e-03 1.9978913e-03 2.0551514e-04 ... 3.1209763e-07 1.8928148e-07
 5.3100016e-06]",embedding_chest_subset84
388,"[2.1799083e-04 2.8854862e-04 1.5808974e-04 ... 7.1215169e-07 2.0942949e-07
 3.4986832e-07]",embedding_pcam-small_subset28
389,"[2.6231661e-04 4.5577421e-05 3.0495196e-06 ... 6.8708935e-08 1.2049006e-07
 9.6899392e-08]",embedding_isic_subset12
390,"[3.5043462e-04 4.0943423e-04 2.0890757e-04 ... 1.0895373e-09 1.7671694e-06
 2.2028526e-06]",embedding_pcam-middle_subset55
391,"[3.0505769e-05 1.9541669e-05 1.6328253e-06 ... 1.8231200e-08 1.2488201e-08
 5.4165877e-08]",embedding_sti10_subset63
392,"[9.87817748e-06 6.76740819e-06 5.91644152e-07 ... 1.87324627e-08
 1.01162705e-08 1.50657318e-08]",embedding_stl10_subset32
393,"[7.0070097e-04 1.9934321e-04 8.4817048e-06 ... 6.4249821e-07 2.9893249e-06
 3.5797663e-07]",embedding_isic_subset79
394,"[2.0399535e-04 2.3881787e-04 9.4066432e-05 ... 1.3375599e-07 6.1198193e-08
 4.1030543e-08]",embedding_pcam-small_subset43
395,"[3.7880675e-06 4.6405912e-06 6.2937335e-07 ... 3.9227577e-09 7.4360162e-09
 1.8822355e-08]",embedding_textures_subset12
396,"[4.0862589e-05 1.8762101e-05 2.0946454e-06 ... 7.3878130e-09 5.7256539e-08
 1.1562032e-07]",embedding_sti10_subset84
397,"[3.0377728e-06 5.8450314e-07 3.8925505e-06 ... 2.7036340e-09 1.4219866e-09
 7.8802707e-09]",embedding_kimia_subset25
398,"[1.2605751e-03 1.9015511e-03 1.0939348e-04 ... 2.3720627e-06 4.2891813e-07
 2.2263728e-06]",embedding_chest_subset63
399,"[1.9635856e-06 3.8809499e-06 1.1325819e-06 ... 5.6154823e-09 1.2501620e-08
 9.4690611e-09]",embedding_textures_subset79
400,"[3.1391150e-04 4.6135866e-04 2.1342174e-04 ... 1.3649522e-07 6.7560500e-06
 4.1930338e-07]",embedding_pcam-middle_subset61
401,"[8.6779700e-04 1.5413891e-04 5.7022353e-06 ... 1.6491779e-07 2.1175556e-07
 5.5660063e-08]",embedding_isic_subset26
402,"[1.7098842e-04 2.8558311e-04 1.1509327e-04 ... 5.6650148e-08 7.1484351e-08
 1.9711932e-07]",embedding_pcam-small_subset77
403,"[4.4460710e-05 2.3145540e-05 2.4732217e-06 ... 7.9932200e-08 8.6762249e-08
 9.3524861e-08]",embedding_sti10_subset1
404,"[2.0976926e-05 1.6522956e-05 1.9433519e-06 ... 3.5859863e-08 7.7271309e-08
 7.3592140e-08]",embedding_sti10_subset57
405,"[2.50966666e-04 2.01172137e-04 1.05018997e-04 ... 3.79641534e-07
 1.03080735e-08 4.07018490e-08]",embedding_pcam-small_subset90
406,"[3.3559584e-06 5.9176421e-07 4.4108892e-06 ... 8.0998932e-09 5.4680429e-09
 1.1558994e-08]",embedding_kimia_subset11
407,"[1.5319690e-04 1.9070861e-04 8.2593389e-05 ... 2.8009859e-07 2.9791266e-08
 8.1780686e-11]",embedding_pcam-small_subset0
408,"[6.1443079e-06 6.1964352e-06 1.9299982e-06 ... 3.8507377e-08 5.8234381e-08
 2.3574890e-08]",embedding_textures_subset26
409,"[2.2539019e-03 1.3084352e-03 6.0956456e-05 ... 2.1484934e-06 6.3779462e-09
 6.8308009e-07]",embedding_chest_subset6
410,"[3.3943882e-04 3.8896542e-04 2.1613168e-04 ... 1.2301916e-07 3.7027539e-07
 2.0350928e-08]",embedding_pcam-middle_subset86
411,"[9.8691473e-04 1.6642079e-03 1.2351856e-04 ... 6.6172498e-07 1.1724416e-06
 8.1893361e-08]",embedding_chest_subset57
412,"[6.1154721e-04 7.5071825e-05 6.1806631e-06 ... 1.5393269e-07 1.6268581e-07
 1.0646628e-07]",embedding_isic_subset5
413,"[2.1898340e-06 3.5926730e-06 1.3618900e-06 ... 1.8402064e-08 2.4445788e-09
 9.6103818e-09]",embedding_textures_subset5
414,"[2.1186800e-04 4.6063506e-05 4.6122946e-06 ... 8.1605651e-07 3.7186485e-08
 4.9171273e-08]",embedding_isic_subset47
415,"[2.8398712e-05 1.2536716e-05 1.3984649e-06 ... 3.3804515e-08 2.0067253e-08
 2.1905068e-08]",embedding_stl10_subset67
416,"[3.7376112e-06 6.1172005e-07 1.8040349e-07 ... 8.8552632e-09 1.0713468e-08
 5.1575286e-09]",embedding_kimia_subset97
417,"[2.9704734e-04 3.0924290e-04 2.0051883e-04 ... 2.3646205e-09 2.7189333e-08
 3.1595661e-07]",embedding_pcam-small_subset16
418,"[2.1937944e-05 2.4074821e-05 1.4713399e-06 ... 3.4053933e-08 1.3781502e-08
 4.8532549e-08]",embedding_sti10_subset36
419,"[1.9453310e-05 6.0478210e-06 9.9805436e-07 ... 3.9357211e-08 2.6082697e-08
 2.7739416e-08]",embedding_stl10_subset80
420,"[3.2413502e-06 1.2845215e-06 2.1445594e-07 ... 2.7653431e-09 5.4226228e-09
 1.3266351e-08]",embedding_kimia_subset70
421,"[5.4883312e-06 7.6811975e-06 1.0836752e-06 ... 1.5727718e-08 1.6842764e-08
 1.4818210e-08]",embedding_textures_subset47
422,"[1.7303765e-04 5.9539848e-04 2.8218246e-05 ... 1.7108412e-07 8.1445243e-08
 9.8863745e-07]",embedding_chest_subset36
423,"[1.3816608e-03 1.9068584e-03 7.5754768e-05 ... 8.4765486e-07 9.4078331e-07
 4.3951184e-07]",embedding_chest_subset72
424,"[2.9365087e-06 4.2263605e-06 3.7964446e-07 ... 3.9002903e-09 3.8979211e-09
 1.1193092e-08]",embedding_textures_subset68
425,"[2.8588343e-05 2.3160301e-05 2.0375619e-06 ... 3.1212647e-08 7.1916716e-08
 7.6467444e-08]",embedding_sti10_subset95
426,"[1.0380484e-06 1.8777041e-07 4.7076199e-07 ... 1.1275413e-09 2.5312417e-09
 1.9584894e-09]",embedding_kimia_subset34
427,"[1.1053430e-03 1.4396049e-03 7.0172675e-05 ... 2.1218752e-06 3.4080458e-08
 1.7037235e-09]",embedding_chest_subset19
428,"[2.3832576e-05 2.3013459e-05 1.8602889e-06 ... 6.1113958e-08 1.0184911e-07
 6.9460903e-08]",embedding_sti10_subset72
429,"[1.1400415e-04 1.9776869e-04 1.0112174e-04 ... 1.9958686e-07 2.5433093e-09
 5.0079865e-07]",embedding_pcam-small_subset52
430,"[4.5682347e-04 6.5497181e-05 7.4581667e-06 ... 1.4459002e-07 1.2516297e-07
 1.0964014e-06]",embedding_isic_subset68
431,"[2.3046894e-05 1.1253087e-05 6.7790205e-07 ... 2.0893202e-08 5.2640736e-09
 1.3004428e-08]",embedding_stl10_subset23
432,"[2.5566819e-04 2.3010540e-04 1.0420561e-04 ... 4.1581885e-07 5.1327197e-07
 8.1293678e-08]",embedding_pcam-small_subset39
433,"[2.0032679e-05 7.4970771e-06 6.9556324e-07 ... 2.8812392e-08 2.3093872e-08
 8.8251380e-09]",embedding_stl10_subset48
434,"[1.1103909e-03 1.3438467e-03 8.1898244e-05 ... 2.7672927e-06 1.5547134e-06
 1.1925410e-06]",embedding_chest_subset95
435,"[2.6456712e-04 3.3537476e-04 1.7403385e-04 ... 3.9373013e-08 1.3203964e-08
 9.6990888e-08]",embedding_pcam-middle_subset44
436,"[2.3851004e-05 2.1268488e-05 2.6763200e-06 ... 1.3025429e-07 9.2936105e-08
 6.6434261e-08]",embedding_sti10_subset19
437,"[8.7733829e-04 1.6043943e-03 1.6768429e-04 ... 1.9710681e-07 4.9367391e-06
 1.3678338e-07]",embedding_chest_subset13
438,"[1.11716334e-04 6.51364826e-05 2.97066254e-06 ... 1.06035998e-06
 1.10442580e-08 1.13547545e-08]",embedding_isic_subset85
439,"[2.8337192e-06 9.0545664e-06 9.6439567e-07 ... 2.9725452e-08 1.8145249e-08
 1.2185198e-08]",embedding_textures_subset62
440,"[1.1860814e-03 1.3570400e-03 4.5760476e-05 ... 1.6819083e-06 4.0944903e-07
 8.6347978e-07]",embedding_chest_subset78
441,"[3.0126139e-06 8.8292398e-07 4.6793159e-07 ... 1.1620839e-08 1.7790821e-09
 1.0088878e-08]",embedding_kimia_subset55
442,"[7.10046925e-06 5.58402462e-06 1.11655061e-06 ... 1.26089725e-08
 9.93479699e-09 1.50141446e-08]",embedding_textures_subset85
443,"[1.7298440e-05 1.0830932e-05 1.3745429e-06 ... 3.8608277e-08 3.6799502e-08
 6.3431564e-08]",embedding_sti10_subset13
444,"[1.8757934e-05 7.3788642e-06 1.2095845e-06 ... 1.6839868e-08 4.4099115e-09
 1.7610363e-09]",embedding_stl10_subset42
445,"[1.6566900e-04 3.1288626e-04 1.6832550e-04 ... 1.8836506e-07 5.5493746e-07
 2.4749781e-07]",embedding_pcam-small_subset33
446,"[1.1888838e-05 5.3668446e-06 4.8782704e-07 ... 3.8903969e-09 3.0318124e-09
 9.9499431e-09]",embedding_stl10_subset29
447,"[6.2230090e-04 1.4652990e-04 1.3718958e-05 ... 5.9951066e-07 5.7624919e-07
 4.2934741e-07]",embedding_isic_subset62
448,"[2.5333458e-04 2.3605634e-04 1.4023142e-04 ... 1.8834046e-06 3.9152349e-07
 1.1430096e-07]",embedding_pcam-small_subset58
449,"[2.7953123e-04 4.4693888e-04 2.0500796e-04 ... 1.2345599e-06 1.2765062e-07
 3.0977478e-08]",embedding_pcam-middle_subset25
450,"[1.40478669e-05 1.29094151e-05 1.67509211e-06 ... 1.46566110e-08
 1.05698966e-07 4.17776000e-08]",embedding_sti10_subset78
451,"[7.6133465e-06 8.6768323e-06 1.6493094e-06 ... 6.5230767e-09 1.1519549e-08
 9.0868442e-09]",embedding_textures_subset66
452,"[3.22593701e-06 1.18361118e-06 1.11765615e-07 ... 1.82093285e-09
 2.06235740e-09 3.42176576e-09]",embedding_kimia_subset51
453,"[9.0395717e-04 1.6703449e-04 1.1968650e-05 ... 1.5466227e-07 3.6843483e-07
 1.0199194e-06]",embedding_isic_subset81
454,"[2.1220988e-03 1.3010553e-03 1.2678077e-04 ... 7.9269489e-07 1.5752378e-06
 6.6041002e-07]",embedding_chest_subset17
455,"[2.80671084e-04 1.04087318e-04 5.87589147e-06 ... 1.34933970e-07
 2.66211913e-07 1.14362734e-07]",embedding_isic_subset66
456,"[3.3199595e-04 4.5050887e-04 2.1225034e-04 ... 1.5946512e-09 1.9829226e-06
 1.4684588e-08]",embedding_pcam-middle_subset21
457,"[4.1087966e-05 2.9673940e-05 1.9516860e-06 ... 2.7531486e-08 2.9401999e-08
 8.1153402e-08]",embedding_sti10_subset17
458,"[2.45866477e-06 1.02437298e-05 9.16293345e-07 ... 1.65560454e-08
 1.15453815e-08 3.67981379e-08]",embedding_textures_subset81
459,"[9.6790216e-05 1.7164064e-04 7.3172036e-05 ... 1.0440846e-06 5.8715983e-07
 4.2141116e-07]",embedding_pcam-small_subset37
460,"[2.8713124e-05 1.0992852e-05 7.8747104e-07 ... 2.3381659e-08 1.4664846e-08
 1.7876541e-08]",embedding_stl10_subset46
461,"[2.32599650e-05 2.19279555e-05 1.95676535e-06 ... 2.89364159e-08
 2.19263629e-08 1.09745635e-07]",embedding_sti10_subset91
462,"[2.2856818e-06 1.1103448e-06 1.1276192e-06 ... 1.1744536e-08 1.5604416e-08
 2.4118207e-09]",embedding_kimia_subset30
463,"[6.5878418e-04 1.4776349e-03 6.2987427e-05 ... 1.0914927e-06 1.4885347e-08
 2.1612017e-07]",embedding_chest_subset76
464,"[1.03618996e-03 1.54135365e-03 1.00674915e-04 ... 1.74933660e-07
 9.34698363e-08 1.97714644e-06]",embedding_chest_subset91
465,"[2.6549617e-04 3.1265884e-04 1.7666689e-04 ... 2.0085895e-06 2.3961377e-06
 4.6957260e-10]",embedding_pcam-middle_subset40
466,"[1.9336590e-05 1.6126280e-05 1.4697185e-06 ... 5.9788150e-08 4.4958945e-08
 3.7353885e-08]",embedding_sti10_subset76
467,"[1.8769762e-05 9.1354441e-06 8.0861338e-07 ... 1.1616349e-08 3.3507142e-08
 3.3114809e-08]",embedding_stl10_subset27
468,"[1.9775450e-04 2.4585493e-04 1.4601728e-04 ... 3.8826965e-07 3.7854466e-09
 3.6460722e-08]",embedding_pcam-small_subset56
469,"[8.6968741e-04 2.6705395e-04 1.4334767e-05 ... 1.2857524e-07 1.2285977e-06
 2.5865450e-07]",embedding_isic_subset28
470,"[1.3755746e-04 1.6876856e-04 7.9409387e-05 ... 1.1993070e-06 1.8044939e-06
 5.7544158e-10]",embedding_pcam-small_subset12
471,"[1.8990997e-05 6.5575173e-06 8.5218807e-07 ... 1.1517129e-08 3.8165768e-09
 1.8478072e-08]",embedding_stl10_subset63
472,"[3.0358060e-06 1.4080059e-06 4.2578785e-07 ... 4.7206035e-09 3.0968463e-09
 2.5028555e-09]",embedding_kimia_subset93
473,"[2.5177333e-05 1.4161213e-05 1.3084498e-06 ... 2.2066084e-08 1.4902215e-08
 2.3460153e-08]",embedding_sti10_subset32
474,"[4.1772721e-05 1.7894761e-05 2.4974727e-06 ... 2.4021873e-09 7.1361846e-08
 5.3638058e-08]",embedding_sti10_subset59
475,"[5.6792272e-04 3.5613870e-05 1.3317840e-05 ... 9.1957128e-07 8.1653653e-08
 9.1071456e-07]",embedding_isic_subset1
476,"[1.6158406e-04 2.1421611e-04 9.7998491e-05 ... 1.2693330e-07 3.9512356e-06
 6.7116543e-09]",embedding_pcam-small_subset79
477,"[5.1143818e-04 7.3899115e-05 2.8294767e-06 ... 3.0853246e-07 2.2622513e-07
 3.5884264e-07]",embedding_isic_subset43
478,"[2.99715362e-06 6.83480130e-06 1.02185811e-06 ... 1.07604565e-08
 4.65783900e-09 1.45319490e-08]",embedding_textures_subset1
479,"[3.0470194e-06 8.4290650e-06 9.7277302e-07 ... 1.2103983e-08 1.8819650e-08
 3.5982561e-09]",embedding_textures_subset28
480,"[1.4547777e-03 1.4263894e-03 6.8444089e-05 ... 8.3028311e-07 6.9163650e-07
 3.5085222e-07]",embedding_chest_subset32
481,"[8.7039184e-04 1.6556311e-03 1.7923015e-04 ... 9.6920694e-09 7.3999939e-07
 2.0832329e-09]",embedding_chest_subset59
482,"[1.0942122e-05 4.2978913e-06 3.3883788e-07 ... 2.3577311e-08 1.0721289e-08
 5.5750114e-08]",embedding_stl10_subset84
483,"[3.5392181e-06 2.0151947e-06 3.4593072e-07 ... 2.4840083e-09 9.3893412e-08
 1.2488437e-09]",embedding_kimia_subset74
484,"[2.8736057e-04 3.5839010e-04 1.7939546e-04 ... 2.2861564e-06 3.0842202e-07
 2.3450880e-08]",embedding_pcam-middle_subset88
485,"[9.1657875e-04 1.4608480e-03 7.9888952e-05 ... 2.4530522e-07 4.0426116e-07
 3.5629506e-11]",embedding_chest_subset8
486,"[5.1121697e-06 3.3514982e-06 7.1151351e-07 ... 9.7652810e-09 4.1954551e-09
 3.9947858e-09]",embedding_textures_subset43
487,"[2.4721073e-04 2.3416787e-05 2.1709336e-06 ... 1.9877196e-07 4.7166984e-07
 3.5098292e-08]",embedding_isic_subset49
488,"[1.5764247e-04 2.6962804e-04 1.1332845e-04 ... 1.1063835e-06 2.9494092e-09
 9.1135320e-08]",embedding_pcam-small_subset73
489,"[3.0453886e-05 1.4919002e-05 2.5126351e-06 ... 3.0923974e-08 5.1559962e-08
 3.9650558e-08]",embedding_sti10_subset5
490,"[4.9125956e-05 3.9836108e-05 2.4221970e-06 ... 1.7848919e-08 7.0618000e-08
 6.5228576e-08]",embedding_sti10_subset53
491,"[2.76155006e-05 1.10593664e-05 1.02296883e-06 ... 1.22148158e-08
 9.59127746e-08 1.04504835e-07]",embedding_sti10_subset38
492,"[2.6166215e-04 3.0695263e-04 1.7411812e-04 ... 1.0853417e-09 1.6277440e-06
 2.4878651e-07]",embedding_pcam-middle_subset65
493,"[4.3700484e-06 1.0298455e-06 1.7085777e-07 ... 2.2675604e-09 8.9105825e-09
 3.1893972e-08]",embedding_kimia_subset99
494,"[1.98106973e-05 6.24698441e-06 5.72359966e-07 ... 9.33617716e-09
 6.32308854e-08 1.04081845e-08]",embedding_stl10_subset69
495,"[1.6120754e-04 1.9547014e-04 1.0938689e-04 ... 1.5217315e-06 3.7669864e-07
 4.1596437e-07]",embedding_pcam-small_subset18
496,"[5.4971057e-05 2.1764394e-05 1.1710384e-06 ... 2.9731598e-07 1.2786708e-07
 1.4593674e-08]",embedding_isic_subset22
497,"[4.29589636e-06 6.57016926e-06 5.82812675e-07 ... 1.01029745e-08
 1.04750040e-08 2.65418301e-08]",embedding_textures_subset49
498,"[8.7950827e-04 1.9234930e-03 7.0371760e-05 ... 5.6982387e-08 6.8331857e-10
 3.8164259e-07]",embedding_chest_subset2
499,"[3.0842595e-04 3.8783750e-04 1.8669988e-04 ... 2.1400867e-06 3.0399427e-08
 6.6695446e-07]",embedding_pcam-middle_subset82
500,"[7.2097278e-04 1.0270813e-03 4.5660483e-05 ... 7.3754811e-09 1.5078616e-09
 6.7679110e-07]",embedding_chest_subset53
501,"[2.15337582e-06 3.91315751e-07 2.49251656e-07 ... 1.31778295e-08
 1.55196600e-09 1.34069342e-08]",embedding_kimia_subset15
502,"[1.4927965e-03 2.8504673e-03 1.6358151e-04 ... 2.1135398e-09 6.1629783e-07
 1.1271803e-06]",embedding_chest_subset38
503,"[1.0351269e-04 1.3559022e-04 5.9697668e-05 ... 3.6064299e-07 2.1848710e-07
 2.1673945e-07]",embedding_pcam-small_subset94
504,"[2.3158714e-06 5.4664615e-06 3.1581767e-06 ... 6.3318666e-09 1.0676399e-08
 2.8458631e-08]",embedding_textures_subset22
505,"[1.4948779e-04 2.7420974e-04 9.3542585e-05 ... 5.8346728e-08 1.4471065e-06
 1.5577156e-06]",embedding_pcam-small_subset4
506,"[4.2820011e-06 3.3559056e-06 4.5681728e-07 ... 4.5691002e-09 6.2577112e-09
 4.2290753e-09]",embedding_textures_subset76
507,"[1.08421928e-05 5.68247469e-06 1.40313148e-06 ... 1.25323822e-08
 1.43957823e-08 1.05138485e-08]",embedding_kimia_subset41
508,"[3.42545594e-04 1.46828956e-04 1.02471595e-05 ... 8.28315123e-08
 4.64643165e-07 2.18364789e-07]",embedding_isic_subset91
509,"[4.3403043e-04 7.9325000e-05 6.3321399e-06 ... 1.4436982e-06 3.5198505e-07
 2.8889861e-08]",embedding_isic_subset76
510,"[1.5292112e-06 3.0968860e-07 1.5271269e-06 ... 6.5843313e-09 4.3208850e-09
 9.2178327e-09]",embedding_kimia_subset0
511,"[2.9287668e-04 3.5883335e-04 1.8842642e-04 ... 5.2143724e-07 5.6758535e-07
 2.4377576e-07]",embedding_pcam-middle_subset31
512,"[2.2154363e-06 3.7579182e-06 5.2636551e-07 ... 7.1796715e-09 5.9013527e-09
 1.3283861e-08]",embedding_textures_subset91
513,"[1.7176193e-04 2.8816072e-04 1.6328901e-04 ... 4.7867610e-07 1.4700603e-06
 6.5782610e-09]",embedding_pcam-small_subset27
514,"[2.1431524e-05 9.6769818e-06 1.0925679e-06 ... 9.9648616e-08 7.0925030e-09
 2.7384058e-08]",embedding_stl10_subset56
515,"[5.9216118e-06 4.7313474e-06 1.3562194e-06 ... 1.0667393e-08 3.4206851e-09
 9.5195780e-09]",embedding_textures_subset17
516,"[1.9793551e-05 2.9890658e-05 1.8421620e-06 ... 2.9212545e-08 6.6272982e-08
 5.0373817e-08]",embedding_sti10_subset81
517,"[1.7186138e-06 2.7095157e-07 1.4704575e-07 ... 6.9049721e-10 6.6624057e-09
 1.9662233e-08]",embedding_kimia_subset20
518,"[1.5402162e-03 9.4035675e-04 9.8423232e-05 ... 1.9046312e-06 4.5936699e-07
 1.4751653e-08]",embedding_chest_subset66
519,"[1.3346643e-03 1.5158297e-03 9.8258381e-05 ... 1.3595356e-08 5.6377383e-09
 5.6919123e-07]",embedding_chest_subset81
520,"[5.39278786e-04 1.09216846e-04 1.14234836e-05 ... 1.82437020e-07
 2.05212231e-07 5.53011319e-07]",embedding_isic_subset17
521,"[2.9364228e-04 3.6333196e-04 1.9539530e-04 ... 5.1268198e-06 2.8938647e-09
 3.4365152e-07]",embedding_pcam-middle_subset50
522,"[2.9991666e-05 2.4680543e-05 2.0050991e-06 ... 3.7535528e-08 6.0862092e-08
 6.9187642e-08]",embedding_sti10_subset66
523,"[1.0144045e-05 5.8241344e-06 7.3930096e-07 ... 2.9973755e-09 2.2049742e-08
 6.5560104e-09]",embedding_stl10_subset37
524,"[1.3655302e-04 1.7705890e-04 9.5396565e-05 ... 5.9753648e-07 3.1975011e-07
 2.8380732e-08]",embedding_pcam-small_subset46
525,"[6.2718114e-04 8.7338820e-05 1.0751438e-05 ... 1.8838422e-07 4.9714856e-07
 5.7378994e-08]",embedding_isic_subset38
526,"[1.58100340e-06 2.53132299e-07 4.91222295e-07 ... 1.00414645e-08
 6.36165298e-09 8.22784774e-09]",embedding_kimia_subset83
527,"[2.80301738e-05 1.75439291e-05 1.93939695e-06 ... 1.08504254e-08
 3.11414894e-08 5.42574412e-08]",embedding_stl10_subset73
528,"[1.9144283e-05 3.2797303e-05 1.3020563e-06 ... 1.6328727e-08 3.9781622e-08
 2.1678902e-08]",embedding_sti10_subset22
529,"[3.0539767e-04 3.4928790e-04 2.0267858e-04 ... 2.4739390e-07 2.5247352e-06
 1.7729710e-06]",embedding_pcam-middle_subset14
530,"[2.58378222e-05 7.05250059e-05 2.37838799e-06 ... 4.25394120e-08
 1.14769314e-07 2.42906442e-08]",embedding_sti10_subset49
531,"[4.6339503e-04 1.1856015e-04 1.8218194e-05 ... 4.2177472e-08 1.8257802e-07
 5.8607856e-07]",embedding_isic_subset53
532,"[1.7144789e-04 1.9116522e-04 9.9017154e-05 ... 2.7418179e-07 2.3261014e-08
 3.0498711e-07]",embedding_pcam-small_subset69
533,"[1.4444769e-05 5.6975728e-06 1.0013155e-06 ... 7.0773396e-09 5.8481380e-09
 2.6923194e-08]",embedding_stl10_subset18
534,"[2.5739955e-06 5.4485299e-06 1.2968106e-06 ... 3.7397040e-08 8.5366061e-09
 6.7499055e-09]",embedding_textures_subset38
535,"[3.1408109e-04 3.3577986e-04 1.7282479e-04 ... 5.2558971e-07 8.7066724e-07
 1.7474033e-06]",embedding_pcam-middle_subset3
536,"[7.0062251e-04 1.2305219e-03 7.1993658e-05 ... 1.1826346e-06 2.6186467e-07
 1.3879543e-06]",embedding_chest_subset22
537,"[3.7949474e-06 3.2666614e-07 4.6786377e-07 ... 1.3293001e-08 2.9922802e-09
 4.0340393e-09]",embedding_kimia_subset64
538,"[1.1021023e-05 5.8879041e-06 5.7085157e-07 ... 5.4610545e-08 3.9449408e-09
 2.4836682e-09]",embedding_stl10_subset94
539,"[6.87549415e-04 1.52695680e-03 9.54999850e-05 ... 1.16353345e-08
 5.90583056e-07 1.79190215e-06]",embedding_chest_subset49
540,"[2.6306647e-04 3.9113362e-04 1.8293335e-04 ... 3.7036438e-07 4.8863662e-06
 2.1526503e-08]",embedding_pcam-middle_subset98
541,"[3.7053208e-06 4.7878157e-06 1.1793312e-06 ... 9.2916705e-09 1.0525424e-08
 2.6087099e-08]",embedding_textures_subset53
542,"[1.5546661e-05 1.1611990e-05 8.3859686e-07 ... 1.6148860e-08 8.7787271e-09
 1.1328944e-08]",embedding_stl10_subset5
543,"[2.10117214e-05 1.02389922e-05 8.81634605e-07 ... 1.10406955e-08
 1.30578517e-08 2.12260378e-08]",embedding_stl10_subset12
544,"[2.7576464e-04 1.6116505e-04 7.3502393e-05 ... 3.8437710e-07 2.5831149e-08
 5.9161092e-08]",embedding_pcam-small_subset63
545,"[2.2067879e-04 5.7248068e-05 5.7005650e-06 ... 5.7460593e-08 1.1064234e-07
 8.1558973e-08]",embedding_isic_subset59
546,"[1.7196222e-05 1.7260551e-05 1.9395225e-06 ... 5.4475375e-08 3.6777262e-08
 9.4333174e-08]",embedding_sti10_subset43
547,"[2.8295140e-04 3.2137171e-04 1.9107110e-04 ... 1.0292854e-06 7.7671751e-07
 2.5342402e-09]",embedding_pcam-middle_subset75
548,"[1.5504231e-05 1.6423264e-05 8.8635784e-07 ... 7.2880667e-08 9.3630426e-08
 5.9041628e-08]",embedding_sti10_subset28
549,"[1.0776395e-05 6.7672750e-06 6.4283455e-07 ... 1.4317496e-08 2.0684210e-09
 6.2841798e-09]",embedding_stl10_subset79
550,"[4.8531306e-06 2.2331187e-06 1.2920327e-06 ... 9.8549876e-08 1.2619242e-08
 7.5997129e-09]",embedding_kimia_subset89
551,"[5.1894516e-04 1.0333287e-04 5.2208825e-06 ... 1.5878395e-07 2.9509001e-08
 2.4091383e-07]",embedding_isic_subset32
552,"[2.8563536e-06 4.1687440e-06 5.7505855e-07 ... 7.0797395e-09 5.2692739e-09
 7.4874986e-09]",embedding_textures_subset59
553,"[2.1907834e-04 3.2609393e-04 1.6945101e-04 ... 1.3027437e-06 1.4646741e-06
 2.5079822e-07]",embedding_pcam-middle_subset92
554,"[2.34103427e-04 1.15916645e-03 5.05330863e-05 ... 1.21968045e-08
 4.22309455e-07 3.85481144e-07]",embedding_chest_subset43
555,"[1.6504498e-03 1.6887940e-03 9.4104333e-05 ... 3.9656769e-07 5.6237813e-08
 8.5293243e-07]",embedding_chest_subset28
556,"[2.56441999e-04 3.58921534e-04 1.56945083e-04 ... 1.01943364e-07
 1.52534298e-07 1.00177516e-07]",embedding_pcam-middle_subset9
557,"[9.2390823e-05 1.4641775e-04 6.5924993e-05 ... 8.7095181e-08 2.3937208e-08
 5.1184514e-07]",embedding_pcam-small_subset84
558,"[4.18493300e-06 1.61499120e-05 1.20397272e-06 ... 3.56627972e-09
 1.57145497e-08 1.46518255e-08]",embedding_textures_subset32
559,"[2.7023265e-04 3.7617388e-04 1.9079570e-04 ... 4.4579878e-07 1.0794375e-06
 1.8159768e-07]",embedding_pcam-middle_subset71
560,"[7.5994991e-04 1.2599064e-04 1.0453027e-05 ... 7.1594525e-07 5.0834336e-07
 7.2314165e-08]",embedding_isic_subset36
561,"[1.8040574e-04 2.1709909e-04 1.0024028e-04 ... 1.7219531e-07 1.4929063e-06
 1.0279984e-08]",embedding_pcam-small_subset67
562,"[1.2071932e-05 8.3836258e-06 5.4556250e-07 ... 1.3981942e-08 8.1352685e-09
 4.3406132e-09]",embedding_stl10_subset16
563,"[2.9765548e-05 1.6429953e-05 1.7012729e-06 ... 1.7717490e-08 1.9531283e-08
 3.8858889e-08]",embedding_sti10_subset47
564,"[1.4594563e-04 1.5099159e-04 6.2260573e-05 ... 1.8197557e-07 3.8781907e-09
 1.2479853e-07]",embedding_pcam-small_subset80
565,"[6.9865141e-06 7.3941201e-06 7.0033025e-07 ... 5.9083511e-09 1.5562224e-08
 1.7141868e-08]",embedding_textures_subset36
566,"[2.5990594e-04 3.4160918e-04 1.8803692e-04 ... 5.6344982e-07 9.5748737e-07
 1.2951206e-06]",embedding_pcam-middle_subset96
567,"[1.1265067e-03 1.6413120e-03 1.3329662e-04 ... 5.3860782e-07 1.2385069e-06
 9.4570072e-07]",embedding_chest_subset47
568,"[2.4305789e-04 3.6781654e-04 1.5854757e-04 ... 4.3193117e-07 9.8059957e-08
 2.2044660e-06]",embedding_pcam-middle_subset10
569,"[1.2979288e-04 5.0295232e-05 5.9164090e-06 ... 1.7939698e-08 3.0846977e-07
 2.3211172e-08]",embedding_isic_subset57
570,"[2.2325542e-06 5.8789374e-07 2.9108506e-07 ... 6.2599805e-09 2.1393662e-09
 1.0312500e-08]",embedding_kimia_subset87
571,"[2.0114810e-05 7.8309768e-06 1.4798999e-06 ... 3.8002067e-08 2.1579558e-08
 4.0861163e-08]",embedding_stl10_subset77
572,"[4.2791075e-05 4.1300031e-05 3.3984261e-06 ... 5.1901740e-08 3.6182666e-08
 3.8154006e-08]",embedding_sti10_subset26
573,"[1.2703143e-06 1.7505798e-07 7.5435018e-08 ... 2.2025914e-09 1.2560976e-09
 4.7447277e-09]",embedding_kimia_subset60
574,"[2.0767471e-05 9.9236004e-06 8.3264041e-07 ... 5.2636125e-08 6.2957066e-09
 1.9586061e-08]",embedding_stl10_subset90
575,"[2.1584158e-06 1.0462886e-05 8.3548048e-07 ... 1.1617919e-08 3.4573100e-09
 5.2381242e-09]",embedding_textures_subset57
576,"[1.6319813e-05 1.1788322e-05 1.3672965e-06 ... 1.0255873e-08 2.9244879e-08
 1.7437129e-08]",embedding_stl10_subset1
577,"[2.9487984e-04 3.3284616e-04 1.5332695e-04 ... 4.0896279e-07 2.4545204e-07
 4.9041404e-07]",embedding_pcam-middle_subset7
578,"[8.2614075e-04 1.4893262e-03 8.5987565e-05 ... 8.7058197e-07 4.0085526e-09
 5.0204176e-07]",embedding_chest_subset26
579,"[1.0558109e-03 1.9907991e-03 9.5780961e-05 ... 7.4015540e-09 1.8151026e-06
 4.8792282e-07]",embedding_chest_subset62
580,"[3.3960516e-06 6.1373335e-06 1.1007235e-06 ... 1.1957962e-08 6.4917471e-09
 1.3314022e-08]",embedding_textures_subset78
581,"[5.4024304e-06 1.0510662e-05 5.6460499e-07 ... 6.9108852e-09 4.5396884e-08
 2.0449283e-08]",embedding_sti10_subset85
582,"[3.4822465e-06 3.1060604e-06 5.6437545e-07 ... 4.4371369e-09 2.6792666e-09
 3.1419166e-08]",embedding_textures_subset13
583,"[5.0491835e-06 1.3681209e-06 1.7421943e-06 ... 1.3825404e-08 8.5844070e-09
 8.5777101e-09]",embedding_kimia_subset24
584,"[3.0377645e-05 2.8561652e-05 4.4859135e-06 ... 4.9491351e-08 9.6773476e-08
 7.4822928e-08]",embedding_sti10_subset62
585,"[1.2876332e-04 2.7073953e-05 1.8672032e-06 ... 9.1750602e-10 1.8480556e-07
 9.1788699e-08]",embedding_isic_subset78
586,"[1.6034035e-04 1.5757144e-04 1.1060095e-04 ... 4.6374939e-07 5.3066451e-08
 1.9172296e-07]",embedding_pcam-small_subset42
587,"[1.8140014e-05 7.2610469e-06 7.0354838e-07 ... 3.0917757e-08 8.3440552e-09
 7.2483699e-09]",embedding_stl10_subset33
588,"[2.8938241e-04 3.3758418e-04 2.1277041e-04 ... 4.4219419e-09 2.6347177e-06
 2.5847751e-07]",embedding_pcam-small_subset29
589,"[5.9417784e-05 5.3492122e-06 6.4157729e-07 ... 8.4613569e-09 4.6151342e-08
 5.9465382e-08]",embedding_isic_subset13
590,"[6.0138147e-04 7.9023384e-04 3.9682098e-05 ... 3.2500842e-09 2.7136525e-07
 6.2953268e-07]",embedding_chest_subset85
591,"[1.1891802e-05 6.6231569e-06 5.9086807e-07 ... 1.0750623e-08 3.2209819e-08
 2.5008825e-08]",embedding_stl10_subset58
592,"[2.3982704e-04 3.4044351e-04 1.5717364e-04 ... 2.9647415e-06 1.6237894e-06
 1.2765476e-07]",embedding_pcam-middle_subset54
593,"[4.2090040e-05 1.9675497e-05 1.1330485e-06 ... 2.8166108e-08 9.9813910e-08
 1.3283325e-08]",embedding_isic_subset95
594,"[3.4144241e-06 5.1741354e-06 7.1612521e-07 ... 5.8761289e-09 7.3651503e-09
 4.4728892e-09]",embedding_textures_subset19
595,"[2.97540646e-06 5.04653253e-05 2.34892241e-06 ... 1.44614045e-08
 2.90067472e-08 1.70520451e-08]",embedding_textures_subset72
596,"[8.6880973e-06 1.7892899e-06 1.9374625e-06 ... 9.9455431e-09 1.1286268e-08
 1.2810869e-08]",embedding_kimia_subset45
597,"[9.4227085e-04 1.6205617e-03 9.2393901e-05 ... 6.3752549e-07 1.5790280e-06
 1.0615213e-06]",embedding_chest_subset68
598,"[2.1703136e-06 3.2804123e-06 6.7644663e-07 ... 3.8117465e-09 3.2228655e-09
 1.3731667e-08]",embedding_textures_subset95
599,"[1.4343239e-05 6.9142766e-06 7.0457872e-07 ... 1.1078158e-07 1.4672236e-08
 5.9999124e-08]",embedding_stl10_subset52
600,"[6.0299545e-04 1.2889320e-04 8.6782475e-06 ... 8.5668191e-08 4.7319941e-07
 2.8037164e-07]",embedding_isic_subset19
601,"[1.06721076e-04 7.75680965e-05 5.05792195e-05 ... 4.18979084e-07
 4.01301662e-07 2.63717759e-08]",embedding_pcam-small_subset23
602,"[1.3512481e-06 5.1838117e-07 1.2379214e-06 ... 2.0044038e-09 3.0854499e-09
 1.4075869e-08]",embedding_kimia_subset4
603,"[2.3428895e-05 6.8525401e-06 6.6886258e-07 ... 1.3070225e-08 6.9208705e-09
 3.6666922e-08]",embedding_stl10_subset39
604,"[1.4980054e-04 2.3235206e-04 1.4281526e-04 ... 4.7478855e-07 3.9983968e-07
 2.1762792e-09]",embedding_pcam-small_subset48
605,"[1.22526268e-04 1.08274144e-04 6.71407406e-06 ... 2.58914241e-07
 2.23974350e-08 2.28638424e-08]",embedding_isic_subset72
606,"[2.0888532e-05 2.3399340e-05 2.5288841e-06 ... 5.2413224e-08 6.9684312e-08
 7.7142161e-08]",embedding_sti10_subset68
607,"[3.5719463e-04 3.6560325e-04 2.4582850e-04 ... 5.4287767e-08 4.3908386e-07
 8.5556557e-09]",embedding_pcam-middle_subset35
608,"[1.6249371e-06 3.4959774e-07 2.9919827e-06 ... 5.9516272e-09 4.0542085e-09
 6.1269407e-09]",embedding_kimia_subset37
609,"[3.1445299e-05 2.3598886e-05 2.4574404e-06 ... 2.5700555e-08 6.2692834e-08
 1.0415973e-07]",embedding_sti10_subset96
610,"[1.7250661e-03 1.6157824e-03 8.9390654e-05 ... 2.0909147e-06 3.6937035e-07
 5.9516768e-08]",embedding_chest_subset71
611,"[3.2579177e-04 3.7151258e-04 1.8540483e-04 ... 1.0961847e-07 6.5499057e-07
 2.8083318e-06]",embedding_pcam-middle_subset47
612,"[8.7926752e-04 1.7268163e-03 8.8332941e-05 ... 4.7864337e-06 4.6561325e-07
 1.2673677e-06]",embedding_chest_subset96
613,"[1.6824666e-05 4.4989747e-06 8.2624734e-07 ... 1.7855772e-08 2.2421467e-08
 1.7439818e-08]",embedding_stl10_subset20
614,"[2.2437693e-04 4.0249270e-04 1.8679880e-04 ... 7.4349003e-07 1.0250503e-08
 8.3850546e-07]",embedding_pcam-small_subset51
615,"[2.2796779e-05 2.0550073e-05 1.5875008e-06 ... 7.2961370e-09 2.7930209e-08
 7.0266253e-08]",embedding_sti10_subset71
616,"[2.3706345e-06 2.4474039e-06 1.6124810e-07 ... 1.2594766e-08 9.8349613e-09
 1.0407255e-08]",embedding_kimia_subset56
617,"[1.1594050e-06 3.6562133e-06 5.5654482e-07 ... 3.0738892e-08 2.8432523e-09
 5.9592939e-09]",embedding_textures_subset61
618,"[6.91222609e-04 7.24354686e-05 1.22339625e-05 ... 4.86830095e-06
 2.00296697e-07 2.02410448e-07]",embedding_isic_subset86
619,"[1.58638530e-03 1.24136766e-03 1.17484211e-04 ... 5.95156166e-07
 1.05232175e-07 1.16434201e-07]",embedding_chest_subset10
620,"[2.2627659e-04 3.3847953e-04 1.6089037e-04 ... 6.3651346e-06 2.2433405e-06
 2.6912062e-06]",embedding_pcam-middle_subset26
621,"[7.2752050e-04 1.1327460e-04 7.8358416e-06 ... 2.3722439e-08 2.9678802e-07
 1.7724585e-07]",embedding_isic_subset61
622,"[1.5682541e-04 2.6783210e-04 1.1919485e-04 ... 1.0757942e-07 2.7482707e-07
 3.8503143e-07]",embedding_pcam-small_subset30
623,"[1.52486855e-05 5.28483451e-06 5.46543504e-07 ... 7.75293785e-09
 1.76409305e-08 1.38864396e-08]",embedding_stl10_subset41
624,"[3.2494518e-05 5.5495490e-05 4.0445962e-06 ... 8.3137493e-08 8.3737987e-08
 1.6296116e-07]",embedding_sti10_subset10
625,"[4.3380869e-06 3.9767910e-06 1.6028180e-06 ... 9.2017904e-09 4.5510991e-09
 1.0890253e-08]",embedding_textures_subset86
626,"[1.3884353e-05 1.2420176e-05 1.2145191e-06 ... 2.5872396e-08 1.7015871e-08
 3.0366540e-08]",embedding_sti10_subset54
627,"[1.2737979e-05 1.5457965e-05 1.1502592e-06 ... 7.9287261e-09 2.4614192e-08
 3.6876799e-08]",embedding_sti10_subset2
628,"[1.4503219e-04 2.7452674e-04 1.0178022e-04 ... 5.6564613e-07 1.8572250e-07
 5.5685604e-07]",embedding_pcam-small_subset74
629,"[1.0711193e-03 4.5324523e-05 4.1271082e-06 ... 1.9145547e-08 3.6055550e-08
 4.0297445e-07]",embedding_isic_subset25
630,"[2.6698725e-04 3.9915880e-04 1.8188385e-04 ... 7.6471096e-10 1.6048615e-06
 6.9591744e-07]",embedding_pcam-middle_subset62
631,"[4.2278451e-04 1.3308235e-03 6.4659136e-05 ... 9.5908331e-07 6.4510708e-08
 5.5336345e-06]",embedding_chest_subset54
632,"[3.4166493e-05 1.1227411e-05 1.2613384e-06 ... 5.4420795e-08 1.6397854e-08
 4.5009834e-08]",embedding_stl10_subset89
633,"[3.2531962e-06 2.2451366e-07 2.0797245e-06 ... 9.5920978e-09 4.1205537e-09
 1.4414286e-09]",embedding_kimia_subset79
634,"[3.1516657e-04 3.7037022e-04 1.7756429e-04 ... 8.4940882e-07 6.2353365e-07
 1.6877957e-06]",embedding_pcam-middle_subset85
635,"[1.4062522e-03 1.4760044e-03 3.9278537e-05 ... 5.5055108e-07 1.9883450e-07
 6.7451005e-08]",embedding_chest_subset5
636,"[3.8791659e-06 9.0224794e-06 9.2792527e-07 ... 7.9404145e-09 8.1425178e-09
 7.1887678e-09]",embedding_textures_subset25
637,"[1.0563172e-04 1.7377162e-04 9.9202458e-05 ... 1.6266768e-09 3.1291930e-07
 2.3414478e-07]",embedding_pcam-small_subset3
638,"[4.1301964e-06 1.9959673e-06 5.8775998e-07 ... 6.2600147e-09 9.9137720e-09
 7.3477997e-09]",embedding_kimia_subset12
639,"[1.7210864e-04 2.6031365e-04 1.3999388e-04 ... 1.7878448e-06 5.0595862e-08
 1.6064535e-09]",embedding_pcam-small_subset93
640,"[1.7649763e-05 1.3306415e-05 1.2488142e-06 ... 9.2045012e-09 3.6267210e-08
 3.6174185e-08]",embedding_sti10_subset35
641,"[3.4121130e-04 3.8451457e-04 1.9726032e-04 ... 2.0435393e-06 2.2434914e-07
 4.6746181e-06]",embedding_pcam-middle_subset68
642,"[3.2151886e-04 4.4284447e-04 1.4591850e-04 ... 1.7800282e-07 9.5981054e-09
 3.9551292e-08]",embedding_pcam-small_subset15
643,"[2.9774528e-06 8.7133463e-07 4.0502485e-07 ... 8.4896605e-09 1.1276616e-09
 3.2635359e-09]",embedding_kimia_subset94
644,"[1.9582252e-05 1.2292187e-05 1.2031821e-06 ... 2.4154277e-08 8.7201308e-08
 9.3368060e-09]",embedding_stl10_subset64
645,"[7.1722118e-04 1.6120063e-04 1.4482357e-05 ... 1.1356113e-07 8.7379476e-08
 1.8065523e-07]",embedding_isic_subset44
646,"[1.9560355e-06 6.5565637e-06 7.9345733e-07 ... 6.1595062e-09 5.9133729e-09
 8.3045801e-09]",embedding_textures_subset6
647,"[4.7170703e-05 7.3526789e-05 2.6829221e-06 ... 1.0838194e-07 1.3313213e-07
 8.5704869e-08]",embedding_sti10_subset8
648,"[1.3231653e-04 2.7904978e-05 1.2528704e-06 ... 1.0530236e-09 7.0279640e-08
 6.2935072e-08]",embedding_isic_subset6
649,"[1.12775204e-04 1.88328151e-04 7.79151815e-05 ... 1.08167887e-06
 1.37101395e-07 3.98181363e-08]",embedding_pcam-small_subset99
650,"[3.1492875e-06 2.8467934e-07 3.9986938e-07 ... 1.5839702e-09 1.5432530e-08
 9.1446362e-09]",embedding_kimia_subset18
651,"[9.9144015e-04 6.7351962e-04 3.8652852e-05 ... 1.7781378e-08 1.5991331e-07
 4.6395158e-08]",embedding_chest_subset35
652,"[1.4374508e-04 2.0742089e-04 8.8236986e-05 ... 2.8396894e-07 2.5459066e-08
 3.6845965e-08]",embedding_pcam-small_subset9
653,"[7.0561227e-06 1.9012107e-06 3.8920041e-07 ... 8.3804119e-09 7.0175794e-09
 1.4931912e-08]",embedding_textures_subset44
654,"[3.0215219e-06 6.3621718e-07 1.5389385e-07 ... 1.1817633e-08 1.6217751e-08
 3.3524070e-09]",embedding_kimia_subset73
655,"[1.13925735e-05 5.23683821e-06 1.04923697e-06 ... 1.62914340e-08
 1.28702222e-08 2.27360974e-08]",embedding_stl10_subset83
656,"[7.1673558e-06 1.5005954e-05 1.9548927e-06 ... 3.0675078e-08 2.0675330e-08
 1.5421746e-08]",embedding_textures_subset2
657,"[3.3880415e-04 2.6565567e-05 9.3678518e-06 ... 9.8882680e-08 3.4419351e-08
 1.4509916e-07]",embedding_isic_subset40
658,"[1.7939685e-04 2.6677950e-05 2.4224591e-06 ... 2.7213636e-07 3.2989161e-07
 6.6091793e-08]",embedding_isic_subset2
659,"[5.5240987e-05 2.7953691e-05 2.9183007e-06 ... 8.9041123e-08 9.7511098e-08
 3.7164824e-08]",embedding_sti10_subset31
660,"[7.4914902e-07 4.8841684e-07 1.2610494e-07 ... 2.4585323e-09 1.4448976e-09
 6.9020838e-09]",embedding_kimia_subset90
661,"[1.1522837e-05 5.0444937e-06 3.3914279e-07 ... 2.4293664e-08 6.8520123e-08
 4.2292321e-08]",embedding_stl10_subset60
662,"[1.14742135e-04 1.80989198e-04 6.42164887e-05 ... 1.13764941e-07
 1.54337965e-08 3.58839713e-07]",embedding_pcam-small_subset11
663,"[2.5134234e-06 1.1530231e-05 2.5011373e-06 ... 1.2389396e-08 5.4361773e-09
 4.9174123e-09]",embedding_textures_subset40
664,"[3.4932168e-06 2.0412065e-06 1.0536783e-05 ... 2.0481166e-09 4.5640864e-09
 6.3766943e-09]",embedding_kimia_subset77
665,"[1.9826455e-05 1.1239654e-05 5.6823859e-07 ... 3.2344417e-08 9.2048813e-09
 1.2835049e-08]",embedding_stl10_subset87
666,"[9.3000988e-04 1.9744043e-03 9.6121483e-05 ... 2.6393268e-06 4.8091886e-07
 8.9627110e-07]",embedding_chest_subset31
667,"[8.29691708e-04 1.10710505e-04 1.36872040e-05 ... 3.12012190e-07
 1.40070739e-07 1.77168567e-06]",embedding_isic_subset21
668,"[2.5436911e-04 2.9997752e-04 1.7634303e-04 ... 4.3459883e-07 1.7692381e-07
 6.8653357e-08]",embedding_pcam-middle_subset66
669,"[2.5308393e-05 1.8687795e-05 1.6377662e-06 ... 4.4948223e-08 4.1160593e-08
 6.8031326e-08]",embedding_sti10_subset50
670,"[2.2252259e-05 1.6096570e-05 1.4367286e-06 ... 3.4448309e-08 3.2416956e-08
 1.9479334e-08]",embedding_sti10_subset6
671,"[5.2891858e-04 5.0626819e-05 2.8696361e-06 ... 1.1642689e-08 7.4241717e-07
 5.9366684e-08]",embedding_isic_subset8
672,"[1.7779649e-04 1.9585082e-04 9.1377726e-05 ... 4.6285255e-08 4.7275512e-09
 6.8252479e-07]",embedding_pcam-small_subset70
673,"[5.48031221e-06 3.45744593e-06 5.16582929e-07 ... 4.52173321e-09
 1.09550369e-08 1.16149845e-08]",embedding_textures_subset8
674,"[1.75862457e-04 1.96053254e-04 1.19298114e-04 ... 2.63178322e-07
 1.29548468e-07 4.54285640e-08]",embedding_pcam-small_subset7
675,"[2.8780335e-06 5.4538850e-06 1.0276621e-06 ... 3.3127792e-09 6.8796466e-09
 1.9489061e-08]",embedding_textures_subset21
676,"[8.9923618e-05 1.8858851e-04 6.2919877e-05 ... 5.4966705e-08 8.8638279e-07
 2.9819819e-07]",embedding_pcam-small_subset97
677,"[5.0759636e-06 1.8164982e-06 3.5004437e-06 ... 1.4764159e-08 2.8405770e-08
 8.9890918e-08]",embedding_kimia_subset16
678,"[9.2031719e-04 1.7629067e-03 5.4295066e-05 ... 4.5299689e-07 6.3432492e-07
 2.0202631e-07]",embedding_chest_subset50
679,"[2.9364036e-04 3.6717628e-04 2.2200619e-04 ... 1.7788774e-06 2.8906384e-06
 4.0279082e-07]",embedding_pcam-middle_subset81
680,"[5.8100035e-04 1.6699381e-03 2.1080711e-04 ... 9.5122300e-07 9.5311322e-07
 3.6454361e-07]",embedding_chest_subset1
681,"[2.0738878e-05 1.0230701e-05 1.4558673e-06 ... 1.7927551e-08 6.7443906e-08
 6.7031238e-09]",embedding_sti10_subset98
682,"[4.2398842e-06 4.9945243e-07 5.5797852e-07 ... 4.1587942e-09 1.3344774e-08
 1.7679994e-09]",embedding_kimia_subset39
683,"[1.96076627e-03 1.33145484e-03 4.78376169e-05 ... 1.48893946e-06
 1.25537944e-08 3.67797206e-08]",embedding_chest_subset14
684,"[4.7838798e-04 3.7293328e-05 3.0674000e-06 ... 7.1754691e-08 6.7622132e-08
 2.2091734e-07]",embedding_isic_subset82
685,"[1.1940263e-06 2.7158111e-07 5.6377468e-07 ... 1.0388245e-08 4.7007274e-09
 3.1489433e-09]",embedding_kimia_subset52
686,"[5.3932981e-06 1.2342423e-05 8.1415800e-07 ... 8.3144363e-09 8.9039522e-09
 1.8372520e-08]",embedding_textures_subset65
687,"[1.8072888e-05 6.3954617e-06 6.1859907e-07 ... 9.8237463e-09 1.2430489e-08
 9.9138964e-09]",embedding_stl10_subset45
688,"[8.4020890e-04 1.0341008e-03 7.9916084e-05 ... 1.0095147e-08 1.4456079e-07
 7.6642192e-07]",embedding_chest_subset98
689,"[1.5214975e-04 2.8473424e-04 1.7906303e-04 ... 2.7958482e-08 1.5154435e-06
 2.5988444e-07]",embedding_pcam-small_subset34
690,"[7.8031690e-06 1.1139436e-05 5.9659283e-07 ... 1.9086309e-08 1.2887708e-08
 2.5029340e-08]",embedding_textures_subset82
691,"[2.6206428e-04 3.3967360e-04 2.1771841e-04 ... 1.2791878e-06 3.3515001e-08
 1.3116907e-06]",embedding_pcam-middle_subset49
692,"[3.5552195e-05 2.6708427e-05 1.8117209e-06 ... 2.0165317e-08 2.1957248e-08
 3.3446817e-08]",embedding_sti10_subset14
693,"[2.6877903e-04 3.3886696e-04 1.8142791e-04 ... 4.6122548e-08 7.4552474e-07
 5.6679333e-08]",embedding_pcam-middle_subset22
694,"[8.5751986e-04 1.2763863e-04 7.0664423e-06 ... 2.8442520e-07 1.6980290e-07
 1.7612905e-06]",embedding_isic_subset65
695,"[1.5126171e-03 1.3417564e-03 1.3155394e-04 ... 2.2406689e-06 3.6241349e-07
 2.2718455e-06]",embedding_chest_subset75
696,"[1.2806909e-06 4.6157427e-07 9.9100454e-08 ... 4.5691180e-09 4.4116435e-09
 2.9162448e-09]",embedding_kimia_subset58
697,"[7.4870244e-04 1.7711261e-04 7.3564283e-06 ... 4.2224985e-07 2.3149289e-07
 4.5342986e-07]",embedding_isic_subset88
698,"[1.12915295e-05 8.01902559e-07 6.14119813e-07 ... 6.87590340e-09
 6.05278405e-09 7.12736181e-09]",embedding_kimia_subset33
699,"[2.4552141e-05 1.0229676e-05 9.9981571e-07 ... 1.6516122e-08 8.7676227e-08
 1.1137090e-08]",embedding_sti10_subset92
700,"[2.8819512e-04 4.2620077e-04 1.6843756e-04 ... 5.9415953e-07 4.4170213e-07
 2.7815219e-07]",embedding_pcam-small_subset55
701,"[1.7472279e-05 1.4445838e-05 9.3171241e-07 ... 1.6794896e-08 1.3993945e-08
 2.4261263e-08]",embedding_stl10_subset24
702,"[2.3557048e-04 3.3298539e-04 1.8110195e-04 ... 3.6332040e-06 1.7796525e-08
 8.0372848e-07]",embedding_pcam-middle_subset28
703,"[3.2187250e-05 2.5848598e-05 2.3240652e-06 ... 1.7995546e-08 1.3055038e-07
 7.8716035e-08]",embedding_sti10_subset75
704,"[2.7740287e-04 3.4797841e-04 1.9120610e-04 ... 3.7195218e-07 5.0919971e-06
 2.1116576e-07]",embedding_pcam-middle_subset43
705,"[2.3448060e-06 4.9559567e-06 1.2304414e-06 ... 6.6017942e-09 3.1399665e-08
 6.6071562e-09]",embedding_textures_subset88
706,"[2.6096755e-03 1.5580646e-03 1.8750355e-04 ... 3.1512766e-06 7.6818912e-07
 8.0279790e-07]",embedding_chest_subset92
707,"[7.3447003e-04 1.4176057e-04 1.2214904e-05 ... 1.4319207e-07 2.8969129e-07
 1.4141435e-07]",embedding_isic_subset50
708,"[3.3689340e-04 3.6692480e-04 2.2664164e-04 ... 1.8645685e-06 1.4932202e-06
 1.3886641e-07]",embedding_pcam-middle_subset17
709,"[2.1155662e-05 4.9238839e-05 2.7661815e-06 ... 6.0732489e-08 8.1526970e-08
 3.6810910e-08]",embedding_sti10_subset21
710,"[8.4884459e-06 5.1999064e-06 4.3694396e-07 ... 7.5169666e-09 1.7397648e-08
 5.1998361e-09]",embedding_stl10_subset70
711,"[8.3780669e-06 2.6563350e-06 8.1487478e-06 ... 1.8453100e-08 5.6570335e-09
 2.6476301e-09]",embedding_kimia_subset80
712,"[1.1380894e-05 8.1746730e-06 4.9629597e-07 ... 9.8007300e-09 5.5861520e-09
 9.2490682e-09]",embedding_stl10_subset6
713,"[2.8227064e-06 6.3990087e-06 3.4303270e-07 ... 6.8752466e-09 1.0380118e-08
 5.6501404e-09]",embedding_textures_subset50
714,"[2.5599576e-05 8.9086652e-06 1.0204243e-06 ... 2.9035144e-08 5.6040932e-08
 4.6304034e-08]",embedding_stl10_subset97
715,"[3.7336833e-06 5.2412031e-07 2.4080870e-07 ... 2.5568903e-09 1.5607913e-09
 9.0845442e-10]",embedding_kimia_subset67
716,"[9.7673398e-04 2.2879248e-03 9.1332426e-05 ... 7.5394451e-07 6.5350264e-07
 7.3807098e-07]",embedding_chest_subset21
717,"[2.7987442e-04 3.7992938e-04 2.2501513e-04 ... 1.5862387e-06 5.7630473e-07
 4.1267803e-08]",embedding_pcam-middle_subset0
718,"[2.4242372e-04 5.5809473e-05 2.6797559e-06 ... 5.2308987e-08 1.0184454e-07
 4.3765633e-07]",embedding_isic_subset31
719,"[3.0986444e-04 3.2987623e-04 1.9086471e-04 ... 5.1872274e-08 4.0954379e-08
 9.9086606e-09]",embedding_pcam-middle_subset76
720,"[2.5702298e-05 1.7797762e-05 1.4970979e-06 ... 1.8132667e-08 3.8087919e-08
 4.4502155e-08]",embedding_sti10_subset40
721,"[1.2660943e-04 1.3856252e-04 7.4774660e-05 ... 2.3535083e-09 1.0657280e-06
 4.6847080e-07]",embedding_pcam-small_subset60
722,"[1.11125946e-05 6.71721727e-06 6.01719023e-07 ... 2.69979576e-08
 2.48852849e-08 1.14817365e-08]",embedding_stl10_subset11
723,"[3.2746577e-06 9.8078290e-06 6.3932458e-07 ... 6.1873120e-09 4.2136143e-08
 6.2755507e-09]",embedding_textures_subset31
724,"[6.7828994e-05 1.2438995e-04 8.6013250e-05 ... 6.2948209e-07 3.9262551e-07
 1.0990154e-08]",embedding_pcam-small_subset87
725,"[1.3284709e-03 1.7065983e-03 1.3628617e-04 ... 2.0479899e-06 1.5758260e-07
 1.4032292e-07]",embedding_chest_subset40
726,"[2.8953044e-04 3.5009894e-04 2.0849144e-04 ... 5.5274320e-08 5.0689159e-06
 1.7962864e-07]",embedding_pcam-middle_subset91
727,"[3.2588567e-05 2.4402238e-05 1.9869917e-06 ... 1.9556035e-08 4.9828806e-08
 1.1986691e-07]",embedding_sti10_subset88
728,"[1.6408251e-06 6.1068880e-07 3.8113390e-07 ... 6.0954872e-09 1.0266132e-09
 8.7070502e-09]",embedding_kimia_subset29
729,"[4.7094756e-04 1.4262147e-04 7.9770325e-06 ... 3.2051968e-08 4.8663992e-07
 4.8448408e-07]",embedding_isic_subset92
730,"[9.5570135e-07 2.5823368e-07 1.4673473e-07 ... 7.2885133e-09 5.2001292e-09
 2.4229514e-09]",embedding_kimia_subset42
731,"[5.6791901e-06 3.7333143e-06 1.0811893e-06 ... 1.1807878e-08 5.1485309e-09
 8.3785689e-09]",embedding_textures_subset75
732,"[5.1426201e-04 7.7009678e-04 1.0241124e-04 ... 3.3798719e-07 6.8229480e-07
 3.8395291e-07]",embedding_chest_subset88
733,"[1.4574583e-05 5.3818267e-06 5.1256211e-07 ... 1.2297053e-08 6.4269816e-09
 4.9627321e-08]",embedding_stl10_subset55
734,"[1.0649349e-04 1.7353191e-04 1.0034736e-04 ... 2.5325335e-06 9.4495783e-07
 6.2566201e-08]",embedding_pcam-small_subset24
735,"[3.3473123e-06 4.3484210e-06 8.0023005e-07 ... 5.7639511e-09 4.4623176e-09
 1.5112839e-08]",embedding_textures_subset92
736,"[2.7670467e-04 3.1416077e-04 1.6475949e-04 ... 5.1490929e-06 4.1017536e-08
 3.6774921e-07]",embedding_pcam-middle_subset59
737,"[2.6703009e-04 4.4662849e-04 2.1148562e-04 ... 2.4940184e-07 8.0434847e-06
 5.4277143e-07]",embedding_pcam-middle_subset32
738,"[1.0613190e-06 1.3403356e-07 3.1566182e-07 ... 2.2905926e-09 2.0673430e-09
 9.2949382e-09]",embedding_kimia_subset3
739,"[6.5878012e-05 5.0592153e-06 5.2792331e-07 ... 1.8349363e-07 1.9360603e-07
 3.5024263e-07]",embedding_isic_subset75
740,"[3.4004788e-06 1.0841214e-06 3.0654309e-07 ... 4.1862998e-09 1.1245629e-08
 4.9242646e-09]",embedding_kimia_subset48
741,"[5.68166783e-04 1.94358279e-03 1.18171425e-04 ... 2.41959327e-07
 1.11439863e-06 1.71440001e-06]",embedding_chest_subset65
742,"[4.2122064e-04 2.9028326e-05 3.3822491e-06 ... 1.1850299e-07 5.6873883e-08
 2.6863590e-08]",embedding_isic_subset98
743,"[1.3460548e-06 7.4660244e-07 1.4018929e-07 ... 2.6828493e-09 9.1310498e-10
 1.5131805e-09]",embedding_kimia_subset23
744,"[2.55190025e-05 5.93263758e-05 2.45900492e-06 ... 1.94352992e-07
 1.12955334e-07 5.50884671e-08]",embedding_sti10_subset82
745,"[3.6785516e-06 7.1254731e-06 1.0625662e-06 ... 1.2775301e-08 1.4691294e-08
 1.7677714e-08]",embedding_textures_subset14
746,"[1.6024559e-04 2.0411066e-04 1.3341870e-04 ... 6.6384297e-07 5.6927905e-07
 4.0606025e-07]",embedding_pcam-small_subset45
747,"[2.2095774e-06 5.6752629e-07 3.3958852e-07 ... 5.4398450e-09 1.9836990e-09
 1.3678308e-08]",embedding_kimia_subset9
748,"[1.7003591e-05 6.9578200e-06 7.7006990e-07 ... 1.1604752e-07 6.3544938e-09
 1.2193652e-08]",embedding_stl10_subset34
749,"[3.8192640e-05 1.3449411e-05 1.7398943e-06 ... 7.1795114e-08 4.0293564e-08
 7.5015727e-08]",embedding_sti10_subset65
750,"[3.3282267e-04 5.0530140e-04 2.0982945e-04 ... 1.3430366e-06 4.6442037e-06
 2.0680886e-06]",embedding_pcam-middle_subset38
751,"[2.8480208e-04 3.4250578e-04 1.6506403e-04 ... 1.0367397e-09 2.1129003e-06
 3.4056772e-08]",embedding_pcam-middle_subset53
752,"[2.53604571e-06 3.16658156e-06 6.58949943e-07 ... 3.41307818e-08
 8.20017387e-09 1.16525705e-08]",embedding_textures_subset98
753,"[3.7213450e-04 5.1420586e-05 3.9994202e-06 ... 5.6639527e-07 2.2707043e-08
 1.3618580e-07]",embedding_isic_subset14
754,"[6.8844418e-04 1.1024224e-03 6.6168199e-05 ... 1.2226094e-06 1.5311659e-08
 8.9763154e-07]",embedding_chest_subset82
755,"[1.05871595e-06 4.67713193e-07 1.57999736e-07 ... 4.67579397e-09
 1.00188675e-08 2.00511230e-09]",embedding_kimia_subset27
756,"[7.9844340e-06 2.0233660e-05 2.2096692e-06 ... 2.6537583e-08 1.6995585e-08
 1.5537829e-08]",embedding_textures_subset10
757,"[1.9147674e-05 2.0738049e-05 1.8907768e-06 ... 1.9910586e-07 3.2421813e-08
 2.3711841e-08]",embedding_sti10_subset86
758,"[1.5539294e-03 2.0425851e-03 9.9040888e-05 ... 1.6924739e-06 3.3369906e-07
 1.8286081e-06]",embedding_chest_subset61
759,"[2.7167299e-04 4.0705453e-04 2.0739748e-04 ... 4.5926694e-07 3.7827897e-07
 2.8343077e-06]",embedding_pcam-middle_subset57
760,"[9.6193614e-04 1.7753661e-03 1.0102136e-04 ... 3.0805579e-06 2.4697110e-08
 1.3913999e-06]",embedding_chest_subset86
761,"[2.5770738e-04 7.2880568e-05 4.0277714e-06 ... 1.3475565e-07 3.5807012e-08
 1.0608684e-06]",embedding_isic_subset10
762,"[1.4722675e-05 5.5249257e-06 8.8946837e-07 ... 3.5219550e-08 2.1826676e-08
 8.5451193e-09]",embedding_stl10_subset30
763,"[1.4721867e-04 2.0855899e-04 1.1807984e-04 ... 3.0482076e-07 1.9560024e-07
 8.6113118e-08]",embedding_pcam-small_subset41
764,"[5.3303538e-05 6.7515517e-05 4.8738248e-06 ... 2.0742169e-08 1.5807370e-07
 6.6723011e-08]",embedding_sti10_subset61
765,"[1.9639015e-06 5.5231317e-07 1.8587980e-07 ... 6.8434973e-09 3.2332916e-09
 2.0313029e-09]",embedding_kimia_subset46
766,"[1.1950500e-06 1.8940761e-06 4.1763244e-07 ... 5.7642979e-09 2.8221465e-09
 2.5382224e-08]",embedding_textures_subset71
767,"[6.6675508e-04 1.7230166e-04 1.4444792e-05 ... 1.5138205e-06 2.4169333e-07
 1.7621889e-07]",embedding_isic_subset96
768,"[2.8136247e-04 3.5860349e-04 1.9685531e-04 ... 8.2661279e-07 3.4042756e-07
 5.6600089e-07]",embedding_pcam-middle_subset36
769,"[8.8817986e-05 1.2647450e-05 1.3845760e-06 ... 6.8161917e-08 1.9332471e-07
 6.1403393e-09]",embedding_isic_subset71
770,"[2.4223218e-06 5.5583672e-07 5.1357847e-06 ... 9.4681605e-09 5.9309371e-09
 1.8869818e-08]",embedding_kimia_subset7
771,"[1.2596995e-04 2.1483900e-04 8.6362110e-05 ... 5.9522750e-07 2.2259940e-07
 3.4715561e-07]",embedding_pcam-small_subset20
772,"[1.5588395e-05 5.9795129e-06 7.4800965e-07 ... 9.5529975e-09 2.0195481e-08
 2.8058462e-08]",embedding_stl10_subset51
773,"[2.6670782e-06 2.1979306e-06 7.0042279e-07 ... 3.0922580e-09 1.0468152e-08
 1.2684344e-08]",embedding_textures_subset96
774,"[2.7162678e-04 4.1170412e-04 2.0349849e-04 ... 4.1427267e-08 5.3245521e-06
 2.0936078e-11]",embedding_pcam-middle_subset19
775,"[3.1278600e-05 1.9401568e-05 2.0249449e-06 ... 3.7822794e-08 3.5392315e-08
 1.2718081e-07]",embedding_sti10_subset44
776,"[1.9000670e-05 7.9270139e-06 8.9094073e-07 ... 1.3847726e-08 2.3133804e-08
 9.6970485e-09]",embedding_stl10_subset15
777,"[1.1776816e-04 2.4775587e-04 5.2290299e-05 ... 5.3302557e-08 4.6671883e-07
 1.7208242e-07]",embedding_pcam-small_subset64
778,"[1.0020122e-03 1.3017503e-04 7.8179073e-06 ... 2.9154882e-07 8.3398027e-07
 9.4586977e-07]",embedding_isic_subset35
779,"[2.1562011e-04 2.8996004e-04 1.6226359e-04 ... 1.5420186e-07 7.2748441e-07
 1.6813893e-06]",embedding_pcam-middle_subset72
780,"[1.1305408e-06 4.2780567e-07 1.4356793e-07 ... 1.5225599e-08 7.2163013e-09
 3.0104923e-09]",embedding_kimia_subset69
781,"[1.2080147e-05 7.0732372e-06 4.0956240e-07 ... 2.2819300e-08 6.3065144e-09
 5.9619332e-09]",embedding_stl10_subset99
782,"[6.5712578e-04 1.1669382e-03 1.3437138e-04 ... 8.6434522e-07 2.2547070e-08
 8.0718689e-07]",embedding_chest_subset44
783,"[1.4415771e-05 7.2058801e-06 8.3429791e-07 ... 7.2041981e-09 1.8496367e-08
 1.5812192e-08]",embedding_stl10_subset8
784,"[3.0668429e-04 3.5887034e-04 1.8247832e-04 ... 5.7060794e-07 3.0911817e-08
 1.6968374e-07]",embedding_pcam-middle_subset95
785,"[5.50132245e-06 1.53290021e-05 2.20624179e-06 ... 1.76546759e-08
 3.81173004e-09 1.09720455e-08]",embedding_textures_subset35
786,"[9.4899602e-05 2.0309488e-04 8.0266305e-05 ... 5.2192775e-07 3.4867986e-07
 3.3100338e-08]",embedding_pcam-small_subset83
787,"[2.9031237e-04 3.8238053e-04 1.7884381e-04 ... 4.5956148e-07 5.7233528e-06
 9.1979609e-07]",embedding_pcam-middle_subset78
788,"[1.3823504e-05 9.5424039e-06 9.0582665e-07 ... 3.7081925e-08 1.8750249e-08
 1.8791168e-08]",embedding_sti10_subset25
789,"[2.2821534e-05 7.8448638e-06 7.2697429e-07 ... 5.9075451e-09 5.4318114e-08
 4.4039901e-08]",embedding_stl10_subset74
790,"[2.1426536e-06 3.2349683e-07 2.4287655e-07 ... 2.5334073e-09 5.8710219e-09
 3.0357903e-09]",embedding_kimia_subset84
791,"[6.2637334e-04 1.0754893e-04 8.7186281e-06 ... 7.7143937e-07 1.2890032e-06
 1.3001335e-07]",embedding_isic_subset54
792,"[2.6975715e-04 3.5389367e-04 1.7595799e-04 ... 1.4666167e-06 1.0537027e-06
 7.2759583e-08]",embedding_pcam-middle_subset13
793,"[1.59750052e-04 2.32025021e-04 1.01009755e-04 ... 2.35316793e-06
 2.12890143e-07 3.02458886e-07]",embedding_pcam-small_subset89
794,"[1.2750562e-03 2.8573361e-03 7.9823592e-05 ... 8.9375840e-09 2.2793190e-06
 5.6908311e-07]",embedding_chest_subset25
795,"[2.8535951e-04 3.2479918e-04 1.9204650e-04 ... 1.0604531e-06 2.0285854e-06
 2.7452518e-07]",embedding_pcam-middle_subset4
796,"[1.0177438e-05 8.8275438e-06 6.1965670e-07 ... 2.9122806e-09 4.2295296e-09
 7.9165723e-09]",embedding_stl10_subset2
797,"[3.1234263e-06 3.2728638e-06 1.7717988e-06 ... 1.2754137e-08 1.9082682e-08
 4.4964703e-09]",embedding_textures_subset54
798,"[2.8292397e-05 1.2261183e-05 1.2567065e-06 ... 3.4895205e-08 1.0304395e-08
 2.8659883e-08]",embedding_stl10_subset93
799,"[7.8848443e-06 3.6637977e-07 1.0351413e-06 ... 9.7486019e-09 5.6656773e-09
 4.2401207e-09]",embedding_kimia_subset63
